"","subject","trial","offer.1","offer.2","u1","u2","choice_prob","choice","choice_bin"
"1",1,1,3,5,-0.139696714085256,0.410393903867171,0.279309689448382,2,0
"2",1,2,4,2,2.12783982712785,0.487807729130314,0.944065829689235,1,1
"3",1,3,4,1,2.12783982712785,-0.184741277630808,0.981745543094993,1,1
"4",1,4,4,2,2.12783982712785,0.487807729130314,0.944065829689235,1,1
"5",1,5,2,4,0.487807729130314,2.12783982712785,0.0559341703107648,1,1
"6",1,6,1,3,-0.184741277630808,-0.139696714085256,0.480605107408568,1,1
"7",1,7,3,2,-0.139696714085256,0.487807729130314,0.25326311898362,1,1
"8",1,8,1,3,-0.184741277630808,-0.139696714085256,0.480605107408568,2,0
"9",1,9,6,2,-0.72529700373496,0.487807729130314,0.110037239592166,2,0
"10",1,10,3,1,-0.139696714085256,-0.184741277630808,0.519394892591432,1,1
"11",1,11,6,5,-0.72529700373496,0.410393903867171,0.123795860406638,2,0
"12",1,12,4,2,2.12783982712785,0.487807729130314,0.944065829689235,1,1
"13",1,13,3,1,-0.139696714085256,-0.184741277630808,0.519394892591432,2,0
"14",1,14,1,2,-0.184741277630808,0.487807729130314,0.238866771084714,2,0
"15",1,15,5,3,0.410393903867171,-0.139696714085256,0.720690310551618,2,0
"16",1,16,5,2,0.410393903867171,0.487807729130314,0.466700466221981,1,1
"17",1,17,1,3,-0.184741277630808,-0.139696714085256,0.480605107408568,2,0
"18",1,18,5,3,0.410393903867171,-0.139696714085256,0.720690310551618,2,0
"19",1,19,3,1,-0.139696714085256,-0.184741277630808,0.519394892591432,2,0
"20",1,20,6,3,-0.72529700373496,-0.139696714085256,0.267160556490697,1,1
"21",1,21,6,1,-0.72529700373496,-0.184741277630808,0.282628948842188,2,0
"22",1,22,1,4,-0.184741277630808,2.12783982712785,0.0182544569050074,2,0
"23",1,23,3,2,-0.139696714085256,0.487807729130314,0.25326311898362,2,0
"24",1,24,2,5,0.487807729130314,0.410393903867171,0.533299533778019,1,1
"25",1,25,4,3,2.12783982712785,-0.139696714085256,0.98030124292408,1,1
"26",1,26,2,4,0.487807729130314,2.12783982712785,0.0559341703107648,2,0
"27",1,27,4,6,2.12783982712785,-0.72529700373496,0.992727681244469,1,1
"28",1,28,3,5,-0.139696714085256,0.410393903867171,0.279309689448382,2,0
"29",1,29,1,6,-0.184741277630808,-0.72529700373496,0.717371051157812,2,0
"30",1,30,6,1,-0.72529700373496,-0.184741277630808,0.282628948842188,2,0
"31",1,31,1,6,-0.184741277630808,-0.72529700373496,0.717371051157812,2,0
"32",1,32,3,6,-0.139696714085256,-0.72529700373496,0.732839443509303,1,1
"33",1,33,6,1,-0.72529700373496,-0.184741277630808,0.282628948842188,2,0
"34",1,34,4,5,2.12783982712785,0.410393903867171,0.950706633796556,1,1
"35",1,35,1,6,-0.184741277630808,-0.72529700373496,0.717371051157812,1,1
"36",1,36,5,3,0.410393903867171,-0.139696714085256,0.720690310551618,1,1
"37",1,37,6,4,-0.72529700373496,2.12783982712785,0.00727231875553098,2,0
"38",1,38,2,5,0.487807729130314,0.410393903867171,0.533299533778019,2,0
"39",1,39,3,6,-0.139696714085256,-0.72529700373496,0.732839443509303,1,1
"40",1,40,3,6,-0.139696714085256,-0.72529700373496,0.732839443509303,1,1
"41",1,41,1,3,-0.184741277630808,-0.139696714085256,0.480605107408568,2,0
"42",1,42,6,3,-0.72529700373496,-0.139696714085256,0.267160556490697,1,1
"43",1,43,2,6,0.487807729130314,-0.72529700373496,0.889962760407834,1,1
"44",1,44,3,1,-0.139696714085256,-0.184741277630808,0.519394892591432,1,1
"45",1,45,1,4,-0.184741277630808,2.12783982712785,0.0182544569050074,2,0
"46",1,46,2,5,0.487807729130314,0.410393903867171,0.533299533778019,2,0
"47",1,47,6,1,-0.72529700373496,-0.184741277630808,0.282628948842188,2,0
"48",1,48,6,3,-0.72529700373496,-0.139696714085256,0.267160556490697,1,1
"49",1,49,5,1,0.410393903867171,-0.184741277630808,0.736043881803632,1,1
"50",1,50,6,2,-0.72529700373496,0.487807729130314,0.110037239592166,2,0
"51",1,51,1,4,-0.184741277630808,2.12783982712785,0.0182544569050074,2,0
"52",1,52,3,1,-0.139696714085256,-0.184741277630808,0.519394892591432,1,1
"53",1,53,2,5,0.487807729130314,0.410393903867171,0.533299533778019,2,0
"54",1,54,5,4,0.410393903867171,2.12783982712785,0.0492933662034444,2,0
"55",1,55,3,5,-0.139696714085256,0.410393903867171,0.279309689448382,2,0
"56",1,56,3,1,-0.139696714085256,-0.184741277630808,0.519394892591432,1,1
"57",1,57,3,4,-0.139696714085256,2.12783982712785,0.0196987570759205,2,0
"58",1,58,1,2,-0.184741277630808,0.487807729130314,0.238866771084714,1,1
"59",1,59,2,1,0.487807729130314,-0.184741277630808,0.761133228915286,1,1
"60",1,60,5,4,0.410393903867171,2.12783982712785,0.0492933662034444,2,0
"61",1,61,5,4,0.410393903867171,2.12783982712785,0.0492933662034444,2,0
"62",1,62,2,4,0.487807729130314,2.12783982712785,0.0559341703107648,2,0
"63",1,63,5,1,0.410393903867171,-0.184741277630808,0.736043881803632,1,1
"64",1,64,1,6,-0.184741277630808,-0.72529700373496,0.717371051157812,1,1
"65",1,65,6,3,-0.72529700373496,-0.139696714085256,0.267160556490697,1,1
"66",1,66,2,4,0.487807729130314,2.12783982712785,0.0559341703107648,2,0
"67",1,67,1,5,-0.184741277630808,0.410393903867171,0.263956118196368,2,0
"68",1,68,5,2,0.410393903867171,0.487807729130314,0.466700466221981,2,0
"69",1,69,2,4,0.487807729130314,2.12783982712785,0.0559341703107648,2,0
"70",1,70,5,1,0.410393903867171,-0.184741277630808,0.736043881803632,1,1
"71",1,71,6,4,-0.72529700373496,2.12783982712785,0.00727231875553098,2,0
"72",1,72,1,4,-0.184741277630808,2.12783982712785,0.0182544569050074,2,0
"73",1,73,4,1,2.12783982712785,-0.184741277630808,0.981745543094993,1,1
"74",1,74,1,6,-0.184741277630808,-0.72529700373496,0.717371051157812,1,1
"75",1,75,1,5,-0.184741277630808,0.410393903867171,0.263956118196368,2,0
"76",1,76,4,6,2.12783982712785,-0.72529700373496,0.992727681244469,1,1
"77",1,77,1,3,-0.184741277630808,-0.139696714085256,0.480605107408568,2,0
"78",1,78,5,1,0.410393903867171,-0.184741277630808,0.736043881803632,2,0
"79",1,79,3,5,-0.139696714085256,0.410393903867171,0.279309689448382,2,0
"80",1,80,5,4,0.410393903867171,2.12783982712785,0.0492933662034444,2,0
"81",1,81,6,4,-0.72529700373496,2.12783982712785,0.00727231875553098,2,0
"82",1,82,4,5,2.12783982712785,0.410393903867171,0.950706633796556,1,1
"83",1,83,1,2,-0.184741277630808,0.487807729130314,0.238866771084714,2,0
"84",1,84,1,3,-0.184741277630808,-0.139696714085256,0.480605107408568,1,1
"85",1,85,2,1,0.487807729130314,-0.184741277630808,0.761133228915286,1,1
"86",1,86,4,2,2.12783982712785,0.487807729130314,0.944065829689235,2,0
"87",1,87,4,6,2.12783982712785,-0.72529700373496,0.992727681244469,1,1
"88",1,88,4,1,2.12783982712785,-0.184741277630808,0.981745543094993,1,1
"89",1,89,4,6,2.12783982712785,-0.72529700373496,0.992727681244469,1,1
"90",1,90,3,5,-0.139696714085256,0.410393903867171,0.279309689448382,2,0
"91",1,91,2,6,0.487807729130314,-0.72529700373496,0.889962760407834,2,0
"92",1,92,2,3,0.487807729130314,-0.139696714085256,0.74673688101638,1,1
"93",1,93,6,2,-0.72529700373496,0.487807729130314,0.110037239592166,2,0
"94",1,94,3,5,-0.139696714085256,0.410393903867171,0.279309689448382,2,0
"95",1,95,5,4,0.410393903867171,2.12783982712785,0.0492933662034444,2,0
"96",1,96,1,2,-0.184741277630808,0.487807729130314,0.238866771084714,2,0
"97",1,97,2,5,0.487807729130314,0.410393903867171,0.533299533778019,1,1
"98",1,98,6,5,-0.72529700373496,0.410393903867171,0.123795860406638,2,0
"99",1,99,2,5,0.487807729130314,0.410393903867171,0.533299533778019,1,1
"100",1,100,2,5,0.487807729130314,0.410393903867171,0.533299533778019,1,1
"101",2,1,4,5,-1.8854250303606,-1.49566587479393,0.428200458597743,1,1
"102",2,2,6,2,-0.447376935713849,0.162149605381065,0.388823083603309,1,1
"103",2,3,3,6,-0.289074454522468,-0.447376935713849,0.529330963011461,2,0
"104",2,4,4,6,-1.8854250303606,-0.447376935713849,0.255970980412162,2,0
"105",2,5,4,5,-1.8854250303606,-1.49566587479393,0.428200458597743,2,0
"106",2,6,5,1,-1.49566587479393,-0.745909027682839,0.364401363886731,1,1
"107",2,7,2,1,0.162149605381065,-0.745909027682839,0.662346715440614,1,1
"108",2,8,1,2,-0.745909027682839,0.162149605381065,0.337653284559386,2,0
"109",2,9,6,4,-0.447376935713849,-1.8854250303606,0.744029019587838,1,1
"110",2,10,6,2,-0.447376935713849,0.162149605381065,0.388823083603309,2,0
"111",2,11,2,1,0.162149605381065,-0.745909027682839,0.662346715440614,1,1
"112",2,12,6,4,-0.447376935713849,-1.8854250303606,0.744029019587838,1,1
"113",2,13,1,2,-0.745909027682839,0.162149605381065,0.337653284559386,2,0
"114",2,14,1,3,-0.745909027682839,-0.289074454522468,0.416060607436384,2,0
"115",2,15,5,2,-1.49566587479393,0.162149605381065,0.22616725700538,2,0
"116",2,16,5,2,-1.49566587479393,0.162149605381065,0.22616725700538,2,0
"117",2,17,5,4,-1.49566587479393,-1.8854250303606,0.571799541402257,1,1
"118",2,18,1,3,-0.745909027682839,-0.289074454522468,0.416060607436384,2,0
"119",2,19,6,3,-0.447376935713849,-0.289074454522468,0.470669036988539,1,1
"120",2,20,4,5,-1.8854250303606,-1.49566587479393,0.428200458597743,2,0
"121",2,21,5,3,-1.49566587479393,-0.289074454522468,0.290021910194069,2,0
"122",2,22,6,4,-0.447376935713849,-1.8854250303606,0.744029019587838,1,1
"123",2,23,2,5,0.162149605381065,-1.49566587479393,0.77383274299462,1,1
"124",2,24,1,5,-0.745909027682839,-1.49566587479393,0.635598636113269,1,1
"125",2,25,1,5,-0.745909027682839,-1.49566587479393,0.635598636113269,1,1
"126",2,26,5,4,-1.49566587479393,-1.8854250303606,0.571799541402257,1,1
"127",2,27,2,4,0.162149605381065,-1.8854250303606,0.820432135730535,2,0
"128",2,28,5,6,-1.49566587479393,-0.447376935713849,0.314790147299124,2,0
"129",2,29,1,3,-0.745909027682839,-0.289074454522468,0.416060607436384,2,0
"130",2,30,6,4,-0.447376935713849,-1.8854250303606,0.744029019587838,1,1
"131",2,31,2,6,0.162149605381065,-0.447376935713849,0.611176916396691,1,1
"132",2,32,5,4,-1.49566587479393,-1.8854250303606,0.571799541402257,1,1
"133",2,33,4,1,-1.8854250303606,-0.745909027682839,0.300375918735852,2,0
"134",2,34,6,2,-0.447376935713849,0.162149605381065,0.388823083603309,1,1
"135",2,35,2,4,0.162149605381065,-1.8854250303606,0.820432135730535,2,0
"136",2,36,2,6,0.162149605381065,-0.447376935713849,0.611176916396691,1,1
"137",2,37,1,3,-0.745909027682839,-0.289074454522468,0.416060607436384,1,1
"138",2,38,5,6,-1.49566587479393,-0.447376935713849,0.314790147299124,1,1
"139",2,39,2,6,0.162149605381065,-0.447376935713849,0.611176916396691,1,1
"140",2,40,1,6,-0.745909027682839,-0.447376935713849,0.44484843269084,2,0
"141",2,41,1,2,-0.745909027682839,0.162149605381065,0.337653284559386,2,0
"142",2,42,5,1,-1.49566587479393,-0.745909027682839,0.364401363886731,2,0
"143",2,43,3,6,-0.289074454522468,-0.447376935713849,0.529330963011461,1,1
"144",2,44,1,4,-0.745909027682839,-1.8854250303606,0.699624081264148,1,1
"145",2,45,5,4,-1.49566587479393,-1.8854250303606,0.571799541402257,1,1
"146",2,46,4,3,-1.8854250303606,-0.289074454522468,0.234248593017732,1,1
"147",2,47,5,3,-1.49566587479393,-0.289074454522468,0.290021910194069,1,1
"148",2,48,6,4,-0.447376935713849,-1.8854250303606,0.744029019587838,2,0
"149",2,49,3,5,-0.289074454522468,-1.49566587479393,0.709978089805931,2,0
"150",2,50,2,6,0.162149605381065,-0.447376935713849,0.611176916396691,1,1
"151",2,51,6,1,-0.447376935713849,-0.745909027682839,0.55515156730916,1,1
"152",2,52,2,6,0.162149605381065,-0.447376935713849,0.611176916396691,1,1
"153",2,53,6,4,-0.447376935713849,-1.8854250303606,0.744029019587838,1,1
"154",2,54,6,3,-0.447376935713849,-0.289074454522468,0.470669036988539,2,0
"155",2,55,6,1,-0.447376935713849,-0.745909027682839,0.55515156730916,1,1
"156",2,56,2,4,0.162149605381065,-1.8854250303606,0.820432135730535,2,0
"157",2,57,1,3,-0.745909027682839,-0.289074454522468,0.416060607436384,1,1
"158",2,58,2,1,0.162149605381065,-0.745909027682839,0.662346715440614,1,1
"159",2,59,5,3,-1.49566587479393,-0.289074454522468,0.290021910194069,2,0
"160",2,60,1,6,-0.745909027682839,-0.447376935713849,0.44484843269084,2,0
"161",2,61,2,4,0.162149605381065,-1.8854250303606,0.820432135730535,2,0
"162",2,62,3,4,-0.289074454522468,-1.8854250303606,0.765751406982268,1,1
"163",2,63,5,6,-1.49566587479393,-0.447376935713849,0.314790147299124,2,0
"164",2,64,5,4,-1.49566587479393,-1.8854250303606,0.571799541402257,2,0
"165",2,65,4,1,-1.8854250303606,-0.745909027682839,0.300375918735852,2,0
"166",2,66,5,2,-1.49566587479393,0.162149605381065,0.22616725700538,1,1
"167",2,67,6,5,-0.447376935713849,-1.49566587479393,0.685209852700876,1,1
"168",2,68,6,5,-0.447376935713849,-1.49566587479393,0.685209852700876,1,1
"169",2,69,1,5,-0.745909027682839,-1.49566587479393,0.635598636113269,1,1
"170",2,70,3,1,-0.289074454522468,-0.745909027682839,0.583939392563616,1,1
"171",2,71,5,1,-1.49566587479393,-0.745909027682839,0.364401363886731,2,0
"172",2,72,5,1,-1.49566587479393,-0.745909027682839,0.364401363886731,1,1
"173",2,73,1,5,-0.745909027682839,-1.49566587479393,0.635598636113269,1,1
"174",2,74,4,2,-1.8854250303606,0.162149605381065,0.179567864269465,2,0
"175",2,75,3,6,-0.289074454522468,-0.447376935713849,0.529330963011461,1,1
"176",2,76,4,1,-1.8854250303606,-0.745909027682839,0.300375918735852,1,1
"177",2,77,6,1,-0.447376935713849,-0.745909027682839,0.55515156730916,1,1
"178",2,78,6,3,-0.447376935713849,-0.289074454522468,0.470669036988539,1,1
"179",2,79,5,6,-1.49566587479393,-0.447376935713849,0.314790147299124,1,1
"180",2,80,2,6,0.162149605381065,-0.447376935713849,0.611176916396691,1,1
"181",2,81,6,1,-0.447376935713849,-0.745909027682839,0.55515156730916,1,1
"182",2,82,2,6,0.162149605381065,-0.447376935713849,0.611176916396691,1,1
"183",2,83,6,3,-0.447376935713849,-0.289074454522468,0.470669036988539,2,0
"184",2,84,6,2,-0.447376935713849,0.162149605381065,0.388823083603309,2,0
"185",2,85,5,2,-1.49566587479393,0.162149605381065,0.22616725700538,1,1
"186",2,86,6,4,-0.447376935713849,-1.8854250303606,0.744029019587838,1,1
"187",2,87,6,4,-0.447376935713849,-1.8854250303606,0.744029019587838,1,1
"188",2,88,6,4,-0.447376935713849,-1.8854250303606,0.744029019587838,2,0
"189",2,89,2,4,0.162149605381065,-1.8854250303606,0.820432135730535,2,0
"190",2,90,2,4,0.162149605381065,-1.8854250303606,0.820432135730535,1,1
"191",2,91,3,1,-0.289074454522468,-0.745909027682839,0.583939392563616,1,1
"192",2,92,1,5,-0.745909027682839,-1.49566587479393,0.635598636113269,1,1
"193",2,93,4,1,-1.8854250303606,-0.745909027682839,0.300375918735852,2,0
"194",2,94,6,2,-0.447376935713849,0.162149605381065,0.388823083603309,2,0
"195",2,95,3,1,-0.289074454522468,-0.745909027682839,0.583939392563616,2,0
"196",2,96,5,6,-1.49566587479393,-0.447376935713849,0.314790147299124,2,0
"197",2,97,2,5,0.162149605381065,-1.49566587479393,0.77383274299462,1,1
"198",2,98,1,3,-0.745909027682839,-0.289074454522468,0.416060607436384,1,1
"199",2,99,3,2,-0.289074454522468,0.162149605381065,0.417072363057591,1,1
"200",2,100,3,6,-0.289074454522468,-0.447376935713849,0.529330963011461,2,0
"201",3,1,5,6,0.525885654090925,2.58749824134864,0.0236305733017613,2,0
"202",3,2,6,1,2.58749824134864,-0.556820001192659,0.996583206500834,1,1
"203",3,3,2,3,-1.06838969584955,0.0220063797928585,0.122581069171016,2,0
"204",3,4,5,4,0.525885654090925,-1.45007895060444,0.972527193300971,1,1
"205",3,5,4,6,-1.45007895060444,2.58749824134864,0.000683226244444255,2,0
"206",3,6,3,1,0.0220063797928585,-0.556820001192659,0.739776376050221,1,1
"207",3,7,6,1,2.58749824134864,-0.556820001192659,0.996583206500834,1,1
"208",3,8,4,2,-1.45007895060444,-1.06838969584955,0.334263226013521,2,0
"209",3,9,1,2,-0.556820001192659,-1.06838969584955,0.715735465254218,1,1
"210",3,10,5,4,0.525885654090925,-1.45007895060444,0.972527193300971,1,1
"211",3,11,6,1,2.58749824134864,-0.556820001192659,0.996583206500834,1,1
"212",3,12,6,1,2.58749824134864,-0.556820001192659,0.996583206500834,1,1
"213",3,13,4,3,-1.45007895060444,0.0220063797928585,0.0655480014999429,1,1
"214",3,14,6,1,2.58749824134864,-0.556820001192659,0.996583206500834,1,1
"215",3,15,6,4,2.58749824134864,-1.45007895060444,0.999316773755556,1,1
"216",3,16,5,6,0.525885654090925,2.58749824134864,0.0236305733017613,2,0
"217",3,17,2,5,-1.06838969584955,0.525885654090925,0.0532652003209579,2,0
"218",3,18,4,2,-1.45007895060444,-1.06838969584955,0.334263226013521,2,0
"219",3,19,3,1,0.0220063797928585,-0.556820001192659,0.739776376050221,1,1
"220",3,20,2,1,-1.06838969584955,-0.556820001192659,0.284264534745782,1,1
"221",3,21,2,4,-1.06838969584955,-1.45007895060444,0.665736773986479,1,1
"222",3,22,2,5,-1.06838969584955,0.525885654090925,0.0532652003209579,2,0
"223",3,23,3,1,0.0220063797928585,-0.556820001192659,0.739776376050221,1,1
"224",3,24,4,1,-1.45007895060444,-0.556820001192659,0.166259699137968,2,0
"225",3,25,2,4,-1.06838969584955,-1.45007895060444,0.665736773986479,1,1
"226",3,26,6,5,2.58749824134864,0.525885654090925,0.976369426698239,1,1
"227",3,27,1,6,-0.556820001192659,2.58749824134864,0.00341679349916548,2,0
"228",3,28,6,2,2.58749824134864,-1.06838969584955,0.998640170865174,1,1
"229",3,29,2,1,-1.06838969584955,-0.556820001192659,0.284264534745782,2,0
"230",3,30,5,4,0.525885654090925,-1.45007895060444,0.972527193300971,1,1
"231",3,31,3,5,0.0220063797928585,0.525885654090925,0.287097285995397,2,0
"232",3,32,6,3,2.58749824134864,0.0220063797928585,0.990347352421544,1,1
"233",3,33,3,2,0.0220063797928585,-1.06838969584955,0.877418930828984,2,0
"234",3,34,5,4,0.525885654090925,-1.45007895060444,0.972527193300971,1,1
"235",3,35,5,3,0.525885654090925,0.0220063797928585,0.712902714004603,1,1
"236",3,36,3,6,0.0220063797928585,2.58749824134864,0.00965264757845596,2,0
"237",3,37,5,3,0.525885654090925,0.0220063797928585,0.712902714004603,1,1
"238",3,38,5,4,0.525885654090925,-1.45007895060444,0.972527193300971,1,1
"239",3,39,4,5,-1.45007895060444,0.525885654090925,0.0274728066990285,2,0
"240",3,40,4,1,-1.45007895060444,-0.556820001192659,0.166259699137968,2,0
"241",3,41,3,5,0.0220063797928585,0.525885654090925,0.287097285995397,1,1
"242",3,42,6,5,2.58749824134864,0.525885654090925,0.976369426698239,1,1
"243",3,43,3,2,0.0220063797928585,-1.06838969584955,0.877418930828984,2,0
"244",3,44,3,4,0.0220063797928585,-1.45007895060444,0.934451998500057,1,1
"245",3,45,2,1,-1.06838969584955,-0.556820001192659,0.284264534745782,2,0
"246",3,46,4,5,-1.45007895060444,0.525885654090925,0.0274728066990285,2,0
"247",3,47,2,6,-1.06838969584955,2.58749824134864,0.0013598291348261,2,0
"248",3,48,1,3,-0.556820001192659,0.0220063797928585,0.260223623949779,2,0
"249",3,49,5,6,0.525885654090925,2.58749824134864,0.0236305733017613,2,0
"250",3,50,5,6,0.525885654090925,2.58749824134864,0.0236305733017613,2,0
"251",3,51,6,4,2.58749824134864,-1.45007895060444,0.999316773755556,1,1
"252",3,52,6,5,2.58749824134864,0.525885654090925,0.976369426698239,1,1
"253",3,53,3,1,0.0220063797928585,-0.556820001192659,0.739776376050221,1,1
"254",3,54,6,1,2.58749824134864,-0.556820001192659,0.996583206500834,1,1
"255",3,55,4,1,-1.45007895060444,-0.556820001192659,0.166259699137968,2,0
"256",3,56,3,1,0.0220063797928585,-0.556820001192659,0.739776376050221,2,0
"257",3,57,4,1,-1.45007895060444,-0.556820001192659,0.166259699137968,2,0
"258",3,58,3,6,0.0220063797928585,2.58749824134864,0.00965264757845596,2,0
"259",3,59,2,5,-1.06838969584955,0.525885654090925,0.0532652003209579,2,0
"260",3,60,6,4,2.58749824134864,-1.45007895060444,0.999316773755556,1,1
"261",3,61,3,5,0.0220063797928585,0.525885654090925,0.287097285995397,2,0
"262",3,62,1,2,-0.556820001192659,-1.06838969584955,0.715735465254218,2,0
"263",3,63,3,5,0.0220063797928585,0.525885654090925,0.287097285995397,2,0
"264",3,64,4,2,-1.45007895060444,-1.06838969584955,0.334263226013521,2,0
"265",3,65,5,3,0.525885654090925,0.0220063797928585,0.712902714004603,1,1
"266",3,66,2,5,-1.06838969584955,0.525885654090925,0.0532652003209579,2,0
"267",3,67,3,5,0.0220063797928585,0.525885654090925,0.287097285995397,2,0
"268",3,68,1,4,-0.556820001192659,-1.45007895060444,0.833740300862032,1,1
"269",3,69,6,5,2.58749824134864,0.525885654090925,0.976369426698239,1,1
"270",3,70,2,4,-1.06838969584955,-1.45007895060444,0.665736773986479,1,1
"271",3,71,1,6,-0.556820001192659,2.58749824134864,0.00341679349916548,2,0
"272",3,72,3,2,0.0220063797928585,-1.06838969584955,0.877418930828984,1,1
"273",3,73,4,5,-1.45007895060444,0.525885654090925,0.0274728066990285,2,0
"274",3,74,6,4,2.58749824134864,-1.45007895060444,0.999316773755556,1,1
"275",3,75,5,2,0.525885654090925,-1.06838969584955,0.946734799679042,1,1
"276",3,76,5,3,0.525885654090925,0.0220063797928585,0.712902714004603,1,1
"277",3,77,2,3,-1.06838969584955,0.0220063797928585,0.122581069171016,2,0
"278",3,78,4,2,-1.45007895060444,-1.06838969584955,0.334263226013521,2,0
"279",3,79,3,6,0.0220063797928585,2.58749824134864,0.00965264757845596,2,0
"280",3,80,1,2,-0.556820001192659,-1.06838969584955,0.715735465254218,1,1
"281",3,81,2,6,-1.06838969584955,2.58749824134864,0.0013598291348261,2,0
"282",3,82,1,3,-0.556820001192659,0.0220063797928585,0.260223623949779,2,0
"283",3,83,6,4,2.58749824134864,-1.45007895060444,0.999316773755556,1,1
"284",3,84,5,1,0.525885654090925,-0.556820001192659,0.875918063239332,1,1
"285",3,85,2,4,-1.06838969584955,-1.45007895060444,0.665736773986479,1,1
"286",3,86,2,5,-1.06838969584955,0.525885654090925,0.0532652003209579,1,1
"287",3,87,4,3,-1.45007895060444,0.0220063797928585,0.0655480014999429,2,0
"288",3,88,2,5,-1.06838969584955,0.525885654090925,0.0532652003209579,2,0
"289",3,89,6,5,2.58749824134864,0.525885654090925,0.976369426698239,1,1
"290",3,90,6,5,2.58749824134864,0.525885654090925,0.976369426698239,1,1
"291",3,91,5,1,0.525885654090925,-0.556820001192659,0.875918063239332,1,1
"292",3,92,4,6,-1.45007895060444,2.58749824134864,0.000683226244444255,2,0
"293",3,93,2,3,-1.06838969584955,0.0220063797928585,0.122581069171016,2,0
"294",3,94,5,3,0.525885654090925,0.0220063797928585,0.712902714004603,1,1
"295",3,95,2,6,-1.06838969584955,2.58749824134864,0.0013598291348261,2,0
"296",3,96,3,2,0.0220063797928585,-1.06838969584955,0.877418930828984,1,1
"297",3,97,3,5,0.0220063797928585,0.525885654090925,0.287097285995397,2,0
"298",3,98,2,4,-1.06838969584955,-1.45007895060444,0.665736773986479,1,1
"299",3,99,5,2,0.525885654090925,-1.06838969584955,0.946734799679042,1,1
"300",3,100,1,4,-0.556820001192659,-1.45007895060444,0.833740300862032,1,1
"301",4,1,5,2,-0.274333460217037,1.44041745346654,0.254663728801698,2,0
"302",4,2,5,6,-0.274333460217037,1.06296840336715,0.302059945617419,2,0
"303",4,3,1,2,-0.13619575144658,1.44041745346654,0.271429795106236,2,0
"304",4,4,3,4,-1.53145261728434,1.0999075959219,0.161388442372492,1,1
"305",4,5,6,1,1.06296840336715,-0.13619575144658,0.679395829079314,2,0
"306",4,6,4,3,1.0999075959219,-1.53145261728434,0.838611557627508,1,1
"307",4,7,6,4,1.06296840336715,1.0999075959219,0.494216810675472,1,1
"308",4,8,4,2,1.0999075959219,1.44041745346654,0.446888617631336,2,0
"309",4,9,3,1,-1.53145261728434,-0.13619575144658,0.294463590057343,1,1
"310",4,10,3,6,-1.53145261728434,1.06296840336715,0.164543998469766,2,0
"311",4,11,5,2,-0.274333460217037,1.44041745346654,0.254663728801698,2,0
"312",4,12,6,4,1.06296840336715,1.0999075959219,0.494216810675472,1,1
"313",4,13,1,6,-0.13619575144658,1.06296840336715,0.320604170920686,2,0
"314",4,14,2,4,1.44041745346654,1.0999075959219,0.553111382368664,1,1
"315",4,15,5,3,-0.274333460217037,-1.53145261728434,0.687249566118668,1,1
"316",4,16,4,1,1.0999075959219,-0.13619575144658,0.684413716202539,1,1
"317",4,17,2,5,1.44041745346654,-0.274333460217037,0.745336271198302,1,1
"318",4,18,5,3,-0.274333460217037,-1.53145261728434,0.687249566118668,1,1
"319",4,19,1,5,-0.13619575144658,-0.274333460217037,0.521614285588757,1,1
"320",4,20,3,4,-1.53145261728434,1.0999075959219,0.161388442372492,2,0
"321",4,21,2,5,1.44041745346654,-0.274333460217037,0.745336271198302,1,1
"322",4,22,3,1,-1.53145261728434,-0.13619575144658,0.294463590057343,2,0
"323",4,23,3,4,-1.53145261728434,1.0999075959219,0.161388442372492,2,0
"324",4,24,6,4,1.06296840336715,1.0999075959219,0.494216810675472,1,1
"325",4,25,6,3,1.06296840336715,-1.53145261728434,0.835456001530234,1,1
"326",4,26,2,3,1.44041745346654,-1.53145261728434,0.86543483288438,1,1
"327",4,27,4,5,1.0999075959219,-0.274333460217037,0.702794667359346,1,1
"328",4,28,2,3,1.44041745346654,-1.53145261728434,0.86543483288438,1,1
"329",4,29,5,1,-0.274333460217037,-0.13619575144658,0.478385714411243,2,0
"330",4,30,2,4,1.44041745346654,1.0999075959219,0.553111382368664,1,1
"331",4,31,6,4,1.06296840336715,1.0999075959219,0.494216810675472,1,1
"332",4,32,1,5,-0.13619575144658,-0.274333460217037,0.521614285588757,1,1
"333",4,33,1,3,-0.13619575144658,-1.53145261728434,0.705536409942657,1,1
"334",4,34,4,5,1.0999075959219,-0.274333460217037,0.702794667359346,1,1
"335",4,35,2,5,1.44041745346654,-0.274333460217037,0.745336271198302,1,1
"336",4,36,3,1,-1.53145261728434,-0.13619575144658,0.294463590057343,2,0
"337",4,37,3,6,-1.53145261728434,1.06296840336715,0.164543998469766,1,1
"338",4,38,5,3,-0.274333460217037,-1.53145261728434,0.687249566118668,1,1
"339",4,39,3,5,-1.53145261728434,-0.274333460217037,0.312750433881332,2,0
"340",4,40,2,5,1.44041745346654,-0.274333460217037,0.745336271198302,1,1
"341",4,41,1,2,-0.13619575144658,1.44041745346654,0.271429795106236,2,0
"342",4,42,4,5,1.0999075959219,-0.274333460217037,0.702794667359346,2,0
"343",4,43,1,5,-0.13619575144658,-0.274333460217037,0.521614285588757,1,1
"344",4,44,5,4,-0.274333460217037,1.0999075959219,0.297205332640653,2,0
"345",4,45,5,3,-0.274333460217037,-1.53145261728434,0.687249566118668,1,1
"346",4,46,2,4,1.44041745346654,1.0999075959219,0.553111382368664,2,0
"347",4,47,6,1,1.06296840336715,-0.13619575144658,0.679395829079314,1,1
"348",4,48,6,3,1.06296840336715,-1.53145261728434,0.835456001530234,1,1
"349",4,49,3,4,-1.53145261728434,1.0999075959219,0.161388442372492,1,1
"350",4,50,1,3,-0.13619575144658,-1.53145261728434,0.705536409942657,1,1
"351",4,51,2,4,1.44041745346654,1.0999075959219,0.553111382368664,2,0
"352",4,52,6,5,1.06296840336715,-0.274333460217037,0.697940054382581,1,1
"353",4,53,3,2,-1.53145261728434,1.44041745346654,0.13456516711562,2,0
"354",4,54,5,4,-0.274333460217037,1.0999075959219,0.297205332640653,2,0
"355",4,55,3,6,-1.53145261728434,1.06296840336715,0.164543998469766,2,0
"356",4,56,1,4,-0.13619575144658,1.0999075959219,0.315586283797461,1,1
"357",4,57,4,6,1.0999075959219,1.06296840336715,0.505783189324528,1,1
"358",4,58,4,2,1.0999075959219,1.44041745346654,0.446888617631336,1,1
"359",4,59,6,3,1.06296840336715,-1.53145261728434,0.835456001530234,1,1
"360",4,60,4,3,1.0999075959219,-1.53145261728434,0.838611557627508,1,1
"361",4,61,5,4,-0.274333460217037,1.0999075959219,0.297205332640653,2,0
"362",4,62,4,5,1.0999075959219,-0.274333460217037,0.702794667359346,1,1
"363",4,63,2,4,1.44041745346654,1.0999075959219,0.553111382368664,1,1
"364",4,64,1,4,-0.13619575144658,1.0999075959219,0.315586283797461,2,0
"365",4,65,2,4,1.44041745346654,1.0999075959219,0.553111382368664,2,0
"366",4,66,3,5,-1.53145261728434,-0.274333460217037,0.312750433881332,2,0
"367",4,67,2,1,1.44041745346654,-0.13619575144658,0.728570204893764,2,0
"368",4,68,5,3,-0.274333460217037,-1.53145261728434,0.687249566118668,1,1
"369",4,69,4,2,1.0999075959219,1.44041745346654,0.446888617631336,1,1
"370",4,70,1,6,-0.13619575144658,1.06296840336715,0.320604170920686,2,0
"371",4,71,1,2,-0.13619575144658,1.44041745346654,0.271429795106236,2,0
"372",4,72,3,6,-1.53145261728434,1.06296840336715,0.164543998469766,2,0
"373",4,73,5,2,-0.274333460217037,1.44041745346654,0.254663728801698,2,0
"374",4,74,4,5,1.0999075959219,-0.274333460217037,0.702794667359346,1,1
"375",4,75,5,3,-0.274333460217037,-1.53145261728434,0.687249566118668,1,1
"376",4,76,6,5,1.06296840336715,-0.274333460217037,0.697940054382581,1,1
"377",4,77,4,6,1.0999075959219,1.06296840336715,0.505783189324528,2,0
"378",4,78,5,2,-0.274333460217037,1.44041745346654,0.254663728801698,2,0
"379",4,79,3,5,-1.53145261728434,-0.274333460217037,0.312750433881332,2,0
"380",4,80,6,1,1.06296840336715,-0.13619575144658,0.679395829079314,1,1
"381",4,81,2,5,1.44041745346654,-0.274333460217037,0.745336271198302,2,0
"382",4,82,6,4,1.06296840336715,1.0999075959219,0.494216810675472,1,1
"383",4,83,5,4,-0.274333460217037,1.0999075959219,0.297205332640653,1,1
"384",4,84,1,3,-0.13619575144658,-1.53145261728434,0.705536409942657,1,1
"385",4,85,5,4,-0.274333460217037,1.0999075959219,0.297205332640653,2,0
"386",4,86,3,4,-1.53145261728434,1.0999075959219,0.161388442372492,1,1
"387",4,87,3,2,-1.53145261728434,1.44041745346654,0.13456516711562,2,0
"388",4,88,5,2,-0.274333460217037,1.44041745346654,0.254663728801698,2,0
"389",4,89,6,2,1.06296840336715,1.44041745346654,0.441177698134987,1,1
"390",4,90,1,6,-0.13619575144658,1.06296840336715,0.320604170920686,1,1
"391",4,91,5,4,-0.274333460217037,1.0999075959219,0.297205332640653,2,0
"392",4,92,5,6,-0.274333460217037,1.06296840336715,0.302059945617419,1,1
"393",4,93,2,1,1.44041745346654,-0.13619575144658,0.728570204893764,1,1
"394",4,94,3,5,-1.53145261728434,-0.274333460217037,0.312750433881332,1,1
"395",4,95,3,1,-1.53145261728434,-0.13619575144658,0.294463590057343,2,0
"396",4,96,5,2,-0.274333460217037,1.44041745346654,0.254663728801698,1,1
"397",4,97,6,3,1.06296840336715,-1.53145261728434,0.835456001530234,1,1
"398",4,98,3,6,-1.53145261728434,1.06296840336715,0.164543998469766,1,1
"399",4,99,1,4,-0.13619575144658,1.0999075959219,0.315586283797461,2,0
"400",4,100,3,5,-1.53145261728434,-0.274333460217037,0.312750433881332,1,1
"401",5,1,1,6,0.271341146522793,0.127476339907327,0.523536293100402,1,1
"402",5,2,3,2,0.352942637401496,1.637640342414,0.301255093510134,2,0
"403",5,3,4,1,0.668240421220751,0.271341146522793,0.564617387762458,1,1
"404",5,4,6,3,0.127476339907327,0.352942637401496,0.463153335380755,1,1
"405",5,5,6,3,0.127476339907327,0.352942637401496,0.463153335380755,2,0
"406",5,6,6,2,0.127476339907327,1.637640342414,0.271113064577401,2,0
"407",5,7,2,3,1.637640342414,0.352942637401496,0.698744906489866,2,0
"408",5,8,2,5,1.637640342414,0.782882881009818,0.636398680523681,1,1
"409",5,9,1,3,0.271341146522793,0.352942637401496,0.48664329493154,1,1
"410",5,10,4,1,0.668240421220751,0.271341146522793,0.564617387762458,1,1
"411",5,11,6,3,0.127476339907327,0.352942637401496,0.463153335380755,1,1
"412",5,12,1,5,0.271341146522793,0.782882881009818,0.417024389039369,1,1
"413",5,13,2,4,1.637640342414,0.668240421220751,0.653587187682634,1,1
"414",5,14,4,1,0.668240421220751,0.271341146522793,0.564617387762458,1,1
"415",5,15,3,5,0.352942637401496,0.782882881009818,0.430071090647645,2,0
"416",5,16,6,4,0.127476339907327,0.668240421220751,0.412379351911759,1,1
"417",5,17,1,2,0.271341146522793,1.637640342414,0.290126885892009,2,0
"418",5,18,3,5,0.352942637401496,0.782882881009818,0.430071090647645,2,0
"419",5,19,3,4,0.352942637401496,0.668240421220751,0.448561736909962,2,0
"420",5,20,1,4,0.271341146522793,0.668240421220751,0.435382612237542,2,0
"421",5,21,5,4,0.782882881009818,0.668240421220751,0.518760575039667,1,1
"422",5,22,6,2,0.127476339907327,1.637640342414,0.271113064577401,1,1
"423",5,23,1,3,0.271341146522793,0.352942637401496,0.48664329493154,1,1
"424",5,24,5,1,0.782882881009818,0.271341146522793,0.582975610960631,1,1
"425",5,25,5,3,0.782882881009818,0.352942637401496,0.569928909352355,2,0
"426",5,26,2,1,1.637640342414,0.271341146522793,0.709873114107991,2,0
"427",5,27,1,4,0.271341146522793,0.668240421220751,0.435382612237542,1,1
"428",5,28,2,5,1.637640342414,0.782882881009818,0.636398680523681,2,0
"429",5,29,4,2,0.668240421220751,1.637640342414,0.346412812317366,2,0
"430",5,30,5,3,0.782882881009818,0.352942637401496,0.569928909352355,1,1
"431",5,31,1,3,0.271341146522793,0.352942637401496,0.48664329493154,1,1
"432",5,32,1,3,0.271341146522793,0.352942637401496,0.48664329493154,2,0
"433",5,33,4,1,0.668240421220751,0.271341146522793,0.564617387762458,2,0
"434",5,34,3,4,0.352942637401496,0.668240421220751,0.448561736909962,1,1
"435",5,35,6,4,0.127476339907327,0.668240421220751,0.412379351911759,2,0
"436",5,36,5,1,0.782882881009818,0.271341146522793,0.582975610960631,2,0
"437",5,37,4,1,0.668240421220751,0.271341146522793,0.564617387762458,1,1
"438",5,38,4,3,0.668240421220751,0.352942637401496,0.551438263090038,2,0
"439",5,39,2,5,1.637640342414,0.782882881009818,0.636398680523681,1,1
"440",5,40,2,1,1.637640342414,0.271341146522793,0.709873114107991,1,1
"441",5,41,2,3,1.637640342414,0.352942637401496,0.698744906489866,2,0
"442",5,42,1,2,0.271341146522793,1.637640342414,0.290126885892009,2,0
"443",5,43,2,4,1.637640342414,0.668240421220751,0.653587187682634,1,1
"444",5,44,5,3,0.782882881009818,0.352942637401496,0.569928909352355,1,1
"445",5,45,4,3,0.668240421220751,0.352942637401496,0.551438263090038,1,1
"446",5,46,5,1,0.782882881009818,0.271341146522793,0.582975610960631,2,0
"447",5,47,5,2,0.782882881009818,1.637640342414,0.363601319476319,1,1
"448",5,48,1,4,0.271341146522793,0.668240421220751,0.435382612237542,2,0
"449",5,49,3,5,0.352942637401496,0.782882881009818,0.430071090647645,2,0
"450",5,50,5,2,0.782882881009818,1.637640342414,0.363601319476319,2,0
"451",5,51,6,2,0.127476339907327,1.637640342414,0.271113064577401,2,0
"452",5,52,2,5,1.637640342414,0.782882881009818,0.636398680523681,2,0
"453",5,53,3,2,0.352942637401496,1.637640342414,0.301255093510134,1,1
"454",5,54,4,5,0.668240421220751,0.782882881009818,0.481239424960333,1,1
"455",5,55,3,2,0.352942637401496,1.637640342414,0.301255093510134,2,0
"456",5,56,5,4,0.782882881009818,0.668240421220751,0.518760575039667,2,0
"457",5,57,6,1,0.127476339907327,0.271341146522793,0.476463706899598,2,0
"458",5,58,3,4,0.352942637401496,0.668240421220751,0.448561736909962,1,1
"459",5,59,2,4,1.637640342414,0.668240421220751,0.653587187682634,2,0
"460",5,60,5,3,0.782882881009818,0.352942637401496,0.569928909352355,1,1
"461",5,61,5,3,0.782882881009818,0.352942637401496,0.569928909352355,1,1
"462",5,62,3,5,0.352942637401496,0.782882881009818,0.430071090647645,1,1
"463",5,63,6,2,0.127476339907327,1.637640342414,0.271113064577401,2,0
"464",5,64,3,4,0.352942637401496,0.668240421220751,0.448561736909962,1,1
"465",5,65,3,5,0.352942637401496,0.782882881009818,0.430071090647645,1,1
"466",5,66,2,4,1.637640342414,0.668240421220751,0.653587187682634,2,0
"467",5,67,4,5,0.668240421220751,0.782882881009818,0.481239424960333,1,1
"468",5,68,1,4,0.271341146522793,0.668240421220751,0.435382612237542,2,0
"469",5,69,2,3,1.637640342414,0.352942637401496,0.698744906489866,1,1
"470",5,70,4,5,0.668240421220751,0.782882881009818,0.481239424960333,1,1
"471",5,71,6,3,0.127476339907327,0.352942637401496,0.463153335380755,2,0
"472",5,72,6,5,0.127476339907327,0.782882881009818,0.394313691299055,1,1
"473",5,73,2,4,1.637640342414,0.668240421220751,0.653587187682634,1,1
"474",5,74,3,1,0.352942637401496,0.271341146522793,0.51335670506846,1,1
"475",5,75,1,2,0.271341146522793,1.637640342414,0.290126885892009,1,1
"476",5,76,2,6,1.637640342414,0.127476339907327,0.728886935422599,2,0
"477",5,77,2,1,1.637640342414,0.271341146522793,0.709873114107991,1,1
"478",5,78,5,1,0.782882881009818,0.271341146522793,0.582975610960631,2,0
"479",5,79,2,3,1.637640342414,0.352942637401496,0.698744906489866,1,1
"480",5,80,6,1,0.127476339907327,0.271341146522793,0.476463706899598,2,0
"481",5,81,1,6,0.271341146522793,0.127476339907327,0.523536293100402,2,0
"482",5,82,2,5,1.637640342414,0.782882881009818,0.636398680523681,1,1
"483",5,83,2,3,1.637640342414,0.352942637401496,0.698744906489866,1,1
"484",5,84,3,2,0.352942637401496,1.637640342414,0.301255093510134,2,0
"485",5,85,5,4,0.782882881009818,0.668240421220751,0.518760575039667,1,1
"486",5,86,4,5,0.668240421220751,0.782882881009818,0.481239424960333,2,0
"487",5,87,1,6,0.271341146522793,0.127476339907327,0.523536293100402,1,1
"488",5,88,4,3,0.668240421220751,0.352942637401496,0.551438263090038,1,1
"489",5,89,3,2,0.352942637401496,1.637640342414,0.301255093510134,1,1
"490",5,90,5,3,0.782882881009818,0.352942637401496,0.569928909352355,2,0
"491",5,91,3,5,0.352942637401496,0.782882881009818,0.430071090647645,1,1
"492",5,92,5,1,0.782882881009818,0.271341146522793,0.582975610960631,1,1
"493",5,93,6,4,0.127476339907327,0.668240421220751,0.412379351911759,2,0
"494",5,94,5,4,0.782882881009818,0.668240421220751,0.518760575039667,1,1
"495",5,95,3,2,0.352942637401496,1.637640342414,0.301255093510134,1,1
"496",5,96,1,2,0.271341146522793,1.637640342414,0.290126885892009,2,0
"497",5,97,1,3,0.271341146522793,0.352942637401496,0.48664329493154,1,1
"498",5,98,6,1,0.127476339907327,0.271341146522793,0.476463706899598,2,0
"499",5,99,6,4,0.127476339907327,0.668240421220751,0.412379351911759,2,0
"500",5,100,5,6,0.782882881009818,0.127476339907327,0.605686308700945,1,1
"501",6,1,2,5,-0.212029722369563,1.85646443010952,0.203827555354278,2,0
"502",6,2,1,6,0.985445687507568,0.974057756571135,0.501875332293744,2,0
"503",6,3,3,4,0.58856376684193,1.08552671311027,0.418884245798243,1,1
"504",6,4,2,3,-0.212029722369563,0.58856376684193,0.371132750229121,2,0
"505",6,5,6,1,0.974057756571135,0.985445687507568,0.498124667706256,1,1
"506",6,6,2,4,-0.212029722369563,1.08552671311027,0.298444564253785,2,0
"507",6,7,4,1,1.08552671311027,0.985445687507568,0.516475171443548,1,1
"508",6,8,5,3,1.85646443010952,0.58856376684193,0.69744933311251,2,0
"509",6,9,4,6,1.08552671311027,0.974057756571135,0.518348236157972,1,1
"510",6,10,2,1,-0.212029722369563,0.985445687507568,0.312428287901772,2,0
"511",6,11,2,6,-0.212029722369563,0.974057756571135,0.314041970338257,2,0
"512",6,12,5,6,1.85646443010952,0.974057756571135,0.641355366493182,2,0
"513",6,13,1,3,0.985445687507568,0.58856376684193,0.564987981460985,1,1
"514",6,14,2,4,-0.212029722369563,1.08552671311027,0.298444564253785,1,1
"515",6,15,6,4,0.974057756571135,1.08552671311027,0.481651763842028,2,0
"516",6,16,6,1,0.974057756571135,0.985445687507568,0.498124667706256,1,1
"517",6,17,5,1,1.85646443010952,0.985445687507568,0.639628089281602,1,1
"518",6,18,2,4,-0.212029722369563,1.08552671311027,0.298444564253785,1,1
"519",6,19,5,3,1.85646443010952,0.58856376684193,0.69744933311251,1,1
"520",6,20,3,1,0.58856376684193,0.985445687507568,0.435012018539015,2,0
"521",6,21,1,2,0.985445687507568,-0.212029722369563,0.687571712098229,1,1
"522",6,22,5,6,1.85646443010952,0.974057756571135,0.641355366493182,2,0
"523",6,23,2,4,-0.212029722369563,1.08552671311027,0.298444564253785,2,0
"524",6,24,4,5,1.08552671311027,1.85646443010952,0.375703355796762,2,0
"525",6,25,5,4,1.85646443010952,1.08552671311027,0.624296644203238,1,1
"526",6,26,4,6,1.08552671311027,0.974057756571135,0.518348236157972,1,1
"527",6,27,3,5,0.58856376684193,1.85646443010952,0.30255066688749,2,0
"528",6,28,3,1,0.58856376684193,0.985445687507568,0.435012018539015,1,1
"529",6,29,4,3,1.08552671311027,0.58856376684193,0.581115754201757,1,1
"530",6,30,4,1,1.08552671311027,0.985445687507568,0.516475171443548,1,1
"531",6,31,4,3,1.08552671311027,0.58856376684193,0.581115754201757,2,0
"532",6,32,3,1,0.58856376684193,0.985445687507568,0.435012018539015,1,1
"533",6,33,4,2,1.08552671311027,-0.212029722369563,0.701555435746215,1,1
"534",6,34,3,2,0.58856376684193,-0.212029722369563,0.628867249770879,1,1
"535",6,35,4,5,1.08552671311027,1.85646443010952,0.375703355796762,1,1
"536",6,36,6,4,0.974057756571135,1.08552671311027,0.481651763842028,2,0
"537",6,37,6,2,0.974057756571135,-0.212029722369563,0.685958029661743,1,1
"538",6,38,3,5,0.58856376684193,1.85646443010952,0.30255066688749,2,0
"539",6,39,4,1,1.08552671311027,0.985445687507568,0.516475171443548,1,1
"540",6,40,2,4,-0.212029722369563,1.08552671311027,0.298444564253785,2,0
"541",6,41,6,5,0.974057756571135,1.85646443010952,0.358644633506818,2,0
"542",6,42,5,2,1.85646443010952,-0.212029722369563,0.796172444645722,1,1
"543",6,43,6,1,0.974057756571135,0.985445687507568,0.498124667706256,1,1
"544",6,44,4,6,1.08552671311027,0.974057756571135,0.518348236157972,1,1
"545",6,45,4,2,1.08552671311027,-0.212029722369563,0.701555435746215,2,0
"546",6,46,1,3,0.985445687507568,0.58856376684193,0.564987981460985,1,1
"547",6,47,1,4,0.985445687507568,1.08552671311027,0.483524828556452,1,1
"548",6,48,4,2,1.08552671311027,-0.212029722369563,0.701555435746215,2,0
"549",6,49,4,5,1.08552671311027,1.85646443010952,0.375703355796762,2,0
"550",6,50,2,1,-0.212029722369563,0.985445687507568,0.312428287901772,1,1
"551",6,51,2,5,-0.212029722369563,1.85646443010952,0.203827555354278,2,0
"552",6,52,6,2,0.974057756571135,-0.212029722369563,0.685958029661743,2,0
"553",6,53,5,3,1.85646443010952,0.58856376684193,0.69744933311251,1,1
"554",6,54,2,5,-0.212029722369563,1.85646443010952,0.203827555354278,2,0
"555",6,55,6,1,0.974057756571135,0.985445687507568,0.498124667706256,1,1
"556",6,56,5,3,1.85646443010952,0.58856376684193,0.69744933311251,2,0
"557",6,57,1,5,0.985445687507568,1.85646443010952,0.360371910718398,2,0
"558",6,58,2,3,-0.212029722369563,0.58856376684193,0.371132750229121,2,0
"559",6,59,3,2,0.58856376684193,-0.212029722369563,0.628867249770879,2,0
"560",6,60,1,2,0.985445687507568,-0.212029722369563,0.687571712098229,1,1
"561",6,61,4,3,1.08552671311027,0.58856376684193,0.581115754201757,1,1
"562",6,62,2,6,-0.212029722369563,0.974057756571135,0.314041970338257,2,0
"563",6,63,6,1,0.974057756571135,0.985445687507568,0.498124667706256,2,0
"564",6,64,5,6,1.85646443010952,0.974057756571135,0.641355366493182,2,0
"565",6,65,2,6,-0.212029722369563,0.974057756571135,0.314041970338257,2,0
"566",6,66,2,1,-0.212029722369563,0.985445687507568,0.312428287901772,2,0
"567",6,67,3,4,0.58856376684193,1.08552671311027,0.418884245798243,2,0
"568",6,68,1,2,0.985445687507568,-0.212029722369563,0.687571712098229,1,1
"569",6,69,3,6,0.58856376684193,0.974057756571135,0.436856568647308,1,1
"570",6,70,2,3,-0.212029722369563,0.58856376684193,0.371132750229121,2,0
"571",6,71,1,4,0.985445687507568,1.08552671311027,0.483524828556452,2,0
"572",6,72,5,3,1.85646443010952,0.58856376684193,0.69744933311251,1,1
"573",6,73,4,6,1.08552671311027,0.974057756571135,0.518348236157972,1,1
"574",6,74,3,1,0.58856376684193,0.985445687507568,0.435012018539015,2,0
"575",6,75,3,6,0.58856376684193,0.974057756571135,0.436856568647308,2,0
"576",6,76,6,4,0.974057756571135,1.08552671311027,0.481651763842028,2,0
"577",6,77,4,1,1.08552671311027,0.985445687507568,0.516475171443548,1,1
"578",6,78,5,2,1.85646443010952,-0.212029722369563,0.796172444645722,1,1
"579",6,79,3,6,0.58856376684193,0.974057756571135,0.436856568647308,2,0
"580",6,80,1,3,0.985445687507568,0.58856376684193,0.564987981460985,2,0
"581",6,81,5,2,1.85646443010952,-0.212029722369563,0.796172444645722,1,1
"582",6,82,5,2,1.85646443010952,-0.212029722369563,0.796172444645722,1,1
"583",6,83,6,2,0.974057756571135,-0.212029722369563,0.685958029661743,1,1
"584",6,84,5,6,1.85646443010952,0.974057756571135,0.641355366493182,1,1
"585",6,85,1,4,0.985445687507568,1.08552671311027,0.483524828556452,1,1
"586",6,86,6,4,0.974057756571135,1.08552671311027,0.481651763842028,1,1
"587",6,87,5,1,1.85646443010952,0.985445687507568,0.639628089281602,1,1
"588",6,88,4,3,1.08552671311027,0.58856376684193,0.581115754201757,1,1
"589",6,89,1,6,0.985445687507568,0.974057756571135,0.501875332293744,1,1
"590",6,90,3,2,0.58856376684193,-0.212029722369563,0.628867249770879,2,0
"591",6,91,2,5,-0.212029722369563,1.85646443010952,0.203827555354278,2,0
"592",6,92,5,4,1.85646443010952,1.08552671311027,0.624296644203238,1,1
"593",6,93,1,4,0.985445687507568,1.08552671311027,0.483524828556452,1,1
"594",6,94,3,1,0.58856376684193,0.985445687507568,0.435012018539015,1,1
"595",6,95,1,6,0.985445687507568,0.974057756571135,0.501875332293744,2,0
"596",6,96,5,4,1.85646443010952,1.08552671311027,0.624296644203238,2,0
"597",6,97,1,4,0.985445687507568,1.08552671311027,0.483524828556452,1,1
"598",6,98,1,2,0.985445687507568,-0.212029722369563,0.687571712098229,1,1
"599",6,99,5,6,1.85646443010952,0.974057756571135,0.641355366493182,1,1
"600",6,100,1,3,0.985445687507568,0.58856376684193,0.564987981460985,2,0
"601",7,1,4,5,0.626725015670208,-0.439548539003474,0.765673791490985,1,1
"602",7,2,1,3,0.174484111665916,1.28772881583961,0.225097936555364,2,0
"603",7,3,1,4,0.174484111665916,0.626725015670208,0.377026078881126,1,1
"604",7,4,1,2,0.174484111665916,-1.19191598980715,0.820143075705166,1,1
"605",7,5,5,1,-0.439548539003474,0.174484111665916,0.335848142506837,2,0
"606",7,6,6,2,0.565854744569493,-1.19191598980715,0.875655207798535,1,1
"607",7,7,2,1,-1.19191598980715,0.174484111665916,0.179856924294834,2,0
"608",7,8,6,2,0.565854744569493,-1.19191598980715,0.875655207798535,1,1
"609",7,9,4,1,0.626725015670208,0.174484111665916,0.622973921118874,2,0
"610",7,10,6,2,0.565854744569493,-1.19191598980715,0.875655207798535,2,0
"611",7,11,1,4,0.174484111665916,0.626725015670208,0.377026078881126,2,0
"612",7,12,6,3,0.565854744569493,1.28772881583961,0.309682494674328,2,0
"613",7,13,6,5,0.565854744569493,-0.439548539003474,0.753329394876723,1,1
"614",7,14,6,1,0.565854744569493,0.174484111665916,0.606970850795215,2,0
"615",7,15,4,1,0.626725015670208,0.174484111665916,0.622973921118874,2,0
"616",7,16,6,5,0.565854744569493,-0.439548539003474,0.753329394876723,1,1
"617",7,17,1,4,0.174484111665916,0.626725015670208,0.377026078881126,1,1
"618",7,18,3,6,1.28772881583961,0.565854744569493,0.690317505325671,1,1
"619",7,19,4,2,0.626725015670208,-1.19191598980715,0.88283006732486,1,1
"620",7,20,4,1,0.626725015670208,0.174484111665916,0.622973921118874,1,1
"621",7,21,3,4,1.28772881583961,0.626725015670208,0.675684791208064,1,1
"622",7,22,5,2,-0.439548539003474,-1.19191598980715,0.697509321241621,1,1
"623",7,23,3,6,1.28772881583961,0.565854744569493,0.690317505325671,2,0
"624",7,24,4,3,0.626725015670208,1.28772881583961,0.324315208791936,1,1
"625",7,25,1,2,0.174484111665916,-1.19191598980715,0.820143075705166,2,0
"626",7,26,6,5,0.565854744569493,-0.439548539003474,0.753329394876723,1,1
"627",7,27,3,4,1.28772881583961,0.626725015670208,0.675684791208064,1,1
"628",7,28,5,1,-0.439548539003474,0.174484111665916,0.335848142506837,2,0
"629",7,29,3,6,1.28772881583961,0.565854744569493,0.690317505325671,1,1
"630",7,30,1,6,0.174484111665916,0.565854744569493,0.393029149204785,1,1
"631",7,31,5,6,-0.439548539003474,0.565854744569493,0.246670605123277,1,1
"632",7,32,5,3,-0.439548539003474,1.28772881583961,0.128078862472611,2,0
"633",7,33,1,4,0.174484111665916,0.626725015670208,0.377026078881126,1,1
"634",7,34,5,2,-0.439548539003474,-1.19191598980715,0.697509321241621,2,0
"635",7,35,3,1,1.28772881583961,0.174484111665916,0.774902063444636,1,1
"636",7,36,3,4,1.28772881583961,0.626725015670208,0.675684791208064,1,1
"637",7,37,4,2,0.626725015670208,-1.19191598980715,0.88283006732486,1,1
"638",7,38,3,5,1.28772881583961,-0.439548539003474,0.871921137527389,1,1
"639",7,39,3,2,1.28772881583961,-1.19191598980715,0.940111737770801,1,1
"640",7,40,1,5,0.174484111665916,-0.439548539003474,0.664151857493163,1,1
"641",7,41,3,4,1.28772881583961,0.626725015670208,0.675684791208064,1,1
"642",7,42,5,3,-0.439548539003474,1.28772881583961,0.128078862472611,2,0
"643",7,43,2,4,-1.19191598980715,0.626725015670208,0.11716993267514,2,0
"644",7,44,3,5,1.28772881583961,-0.439548539003474,0.871921137527389,1,1
"645",7,45,3,5,1.28772881583961,-0.439548539003474,0.871921137527389,1,1
"646",7,46,1,3,0.174484111665916,1.28772881583961,0.225097936555364,2,0
"647",7,47,1,4,0.174484111665916,0.626725015670208,0.377026078881126,1,1
"648",7,48,1,4,0.174484111665916,0.626725015670208,0.377026078881126,1,1
"649",7,49,5,2,-0.439548539003474,-1.19191598980715,0.697509321241621,2,0
"650",7,50,6,4,0.565854744569493,0.626725015670208,0.483108103418235,1,1
"651",7,51,2,6,-1.19191598980715,0.565854744569493,0.124344792201465,2,0
"652",7,52,5,3,-0.439548539003474,1.28772881583961,0.128078862472611,2,0
"653",7,53,3,1,1.28772881583961,0.174484111665916,0.774902063444636,1,1
"654",7,54,6,3,0.565854744569493,1.28772881583961,0.309682494674328,2,0
"655",7,55,3,2,1.28772881583961,-1.19191598980715,0.940111737770801,1,1
"656",7,56,3,4,1.28772881583961,0.626725015670208,0.675684791208064,1,1
"657",7,57,5,6,-0.439548539003474,0.565854744569493,0.246670605123277,2,0
"658",7,58,4,6,0.626725015670208,0.565854744569493,0.516891896581765,1,1
"659",7,59,3,2,1.28772881583961,-1.19191598980715,0.940111737770801,1,1
"660",7,60,4,5,0.626725015670208,-0.439548539003474,0.765673791490985,1,1
"661",7,61,6,1,0.565854744569493,0.174484111665916,0.606970850795215,1,1
"662",7,62,6,4,0.565854744569493,0.626725015670208,0.483108103418235,1,1
"663",7,63,2,6,-1.19191598980715,0.565854744569493,0.124344792201465,1,1
"664",7,64,5,1,-0.439548539003474,0.174484111665916,0.335848142506837,2,0
"665",7,65,4,2,0.626725015670208,-1.19191598980715,0.88283006732486,1,1
"666",7,66,6,1,0.565854744569493,0.174484111665916,0.606970850795215,1,1
"667",7,67,4,5,0.626725015670208,-0.439548539003474,0.765673791490985,1,1
"668",7,68,5,2,-0.439548539003474,-1.19191598980715,0.697509321241621,2,0
"669",7,69,2,6,-1.19191598980715,0.565854744569493,0.124344792201465,2,0
"670",7,70,5,2,-0.439548539003474,-1.19191598980715,0.697509321241621,1,1
"671",7,71,3,5,1.28772881583961,-0.439548539003474,0.871921137527389,1,1
"672",7,72,1,5,0.174484111665916,-0.439548539003474,0.664151857493163,2,0
"673",7,73,6,1,0.565854744569493,0.174484111665916,0.606970850795215,1,1
"674",7,74,1,6,0.174484111665916,0.565854744569493,0.393029149204785,2,0
"675",7,75,2,3,-1.19191598980715,1.28772881583961,0.0598882622291992,2,0
"676",7,76,2,3,-1.19191598980715,1.28772881583961,0.0598882622291992,2,0
"677",7,77,4,2,0.626725015670208,-1.19191598980715,0.88283006732486,1,1
"678",7,78,3,1,1.28772881583961,0.174484111665916,0.774902063444636,1,1
"679",7,79,4,6,0.626725015670208,0.565854744569493,0.516891896581765,1,1
"680",7,80,5,6,-0.439548539003474,0.565854744569493,0.246670605123277,1,1
"681",7,81,3,5,1.28772881583961,-0.439548539003474,0.871921137527389,1,1
"682",7,82,5,6,-0.439548539003474,0.565854744569493,0.246670605123277,1,1
"683",7,83,5,1,-0.439548539003474,0.174484111665916,0.335848142506837,2,0
"684",7,84,4,2,0.626725015670208,-1.19191598980715,0.88283006732486,1,1
"685",7,85,1,2,0.174484111665916,-1.19191598980715,0.820143075705166,1,1
"686",7,86,5,4,-0.439548539003474,0.626725015670208,0.234326208509016,2,0
"687",7,87,1,3,0.174484111665916,1.28772881583961,0.225097936555364,2,0
"688",7,88,1,3,0.174484111665916,1.28772881583961,0.225097936555364,2,0
"689",7,89,6,1,0.565854744569493,0.174484111665916,0.606970850795215,2,0
"690",7,90,2,4,-1.19191598980715,0.626725015670208,0.11716993267514,2,0
"691",7,91,5,4,-0.439548539003474,0.626725015670208,0.234326208509016,2,0
"692",7,92,5,1,-0.439548539003474,0.174484111665916,0.335848142506837,2,0
"693",7,93,5,2,-0.439548539003474,-1.19191598980715,0.697509321241621,1,1
"694",7,94,3,1,1.28772881583961,0.174484111665916,0.774902063444636,1,1
"695",7,95,2,5,-1.19191598980715,-0.439548539003474,0.302490678758379,2,0
"696",7,96,6,5,0.565854744569493,-0.439548539003474,0.753329394876723,1,1
"697",7,97,6,4,0.565854744569493,0.626725015670208,0.483108103418235,2,0
"698",7,98,3,4,1.28772881583961,0.626725015670208,0.675684791208064,2,0
"699",7,99,3,4,1.28772881583961,0.626725015670208,0.675684791208064,1,1
"700",7,100,3,6,1.28772881583961,0.565854744569493,0.690317505325671,2,0
"701",8,1,4,2,-0.164040422685821,0.547186761493717,0.218183468895214,2,0
"702",8,2,1,3,1.98795281767249,-0.581333578106962,0.990151473204865,1,1
"703",8,3,3,6,-0.581333578106962,0.0506813885541732,0.24339808027379,2,0
"704",8,4,6,4,0.0506813885541732,-0.164040422685821,0.59515419254124,1,1
"705",8,5,6,3,0.0506813885541732,-0.581333578106962,0.75660191972621,1,1
"706",8,6,1,5,1.98795281767249,0.774703833038328,0.898178949284014,2,0
"707",8,7,1,4,1.98795281767249,-0.164040422685821,0.979401256538535,1,1
"708",8,8,1,2,1.98795281767249,0.547186761493717,0.929917813048268,1,1
"709",8,9,5,1,0.774703833038328,1.98795281767249,0.101821050715986,2,0
"710",8,10,6,1,0.0506813885541732,1.98795281767249,0.0299913175255229,2,0
"711",8,11,4,2,-0.164040422685821,0.547186761493717,0.218183468895214,1,1
"712",8,12,2,3,0.547186761493717,-0.581333578106962,0.883408206404757,1,1
"713",8,13,4,1,-0.164040422685821,1.98795281767249,0.0205987434614652,2,0
"714",8,14,3,1,-0.581333578106962,1.98795281767249,0.00984852679513516,2,0
"715",8,15,1,6,1.98795281767249,0.0506813885541732,0.970008682474477,1,1
"716",8,16,4,6,-0.164040422685821,0.0506813885541732,0.404845807458759,1,1
"717",8,17,6,2,0.0506813885541732,0.547186761493717,0.290909788534745,1,1
"718",8,18,3,6,-0.581333578106962,0.0506813885541732,0.24339808027379,2,0
"719",8,19,1,3,1.98795281767249,-0.581333578106962,0.990151473204865,1,1
"720",8,20,5,1,0.774703833038328,1.98795281767249,0.101821050715986,2,0
"721",8,21,4,3,-0.164040422685821,-0.581333578106962,0.678922555303103,2,0
"722",8,22,1,5,1.98795281767249,0.774703833038328,0.898178949284014,1,1
"723",8,23,2,6,0.547186761493717,0.0506813885541732,0.709090211465255,1,1
"724",8,24,3,4,-0.581333578106962,-0.164040422685821,0.321077444696897,1,1
"725",8,25,5,1,0.774703833038328,1.98795281767249,0.101821050715986,2,0
"726",8,26,3,4,-0.581333578106962,-0.164040422685821,0.321077444696897,2,0
"727",8,27,4,3,-0.164040422685821,-0.581333578106962,0.678922555303103,1,1
"728",8,28,4,1,-0.164040422685821,1.98795281767249,0.0205987434614652,2,0
"729",8,29,5,2,0.774703833038328,0.547186761493717,0.600674208273304,1,1
"730",8,30,2,1,0.547186761493717,1.98795281767249,0.0700821869517316,2,0
"731",8,31,4,5,-0.164040422685821,0.774703833038328,0.156492740072923,2,0
"732",8,32,4,2,-0.164040422685821,0.547186761493717,0.218183468895214,2,0
"733",8,33,2,5,0.547186761493717,0.774703833038328,0.399325791726696,1,1
"734",8,34,4,1,-0.164040422685821,1.98795281767249,0.0205987434614652,2,0
"735",8,35,4,5,-0.164040422685821,0.774703833038328,0.156492740072923,1,1
"736",8,36,3,2,-0.581333578106962,0.547186761493717,0.116591793595243,2,0
"737",8,37,3,1,-0.581333578106962,1.98795281767249,0.00984852679513516,2,0
"738",8,38,4,1,-0.164040422685821,1.98795281767249,0.0205987434614652,2,0
"739",8,39,4,5,-0.164040422685821,0.774703833038328,0.156492740072923,2,0
"740",8,40,2,6,0.547186761493717,0.0506813885541732,0.709090211465255,1,1
"741",8,41,3,5,-0.581333578106962,0.774703833038328,0.0806621974531246,2,0
"742",8,42,4,1,-0.164040422685821,1.98795281767249,0.0205987434614652,2,0
"743",8,43,1,6,1.98795281767249,0.0506813885541732,0.970008682474477,1,1
"744",8,44,3,1,-0.581333578106962,1.98795281767249,0.00984852679513516,2,0
"745",8,45,4,5,-0.164040422685821,0.774703833038328,0.156492740072923,2,0
"746",8,46,4,2,-0.164040422685821,0.547186761493717,0.218183468895214,1,1
"747",8,47,1,2,1.98795281767249,0.547186761493717,0.929917813048268,1,1
"748",8,48,4,3,-0.164040422685821,-0.581333578106962,0.678922555303103,1,1
"749",8,49,4,5,-0.164040422685821,0.774703833038328,0.156492740072923,2,0
"750",8,50,2,4,0.547186761493717,-0.164040422685821,0.781816531104786,1,1
"751",8,51,5,3,0.774703833038328,-0.581333578106962,0.919337802546875,1,1
"752",8,52,1,4,1.98795281767249,-0.164040422685821,0.979401256538535,1,1
"753",8,53,3,6,-0.581333578106962,0.0506813885541732,0.24339808027379,2,0
"754",8,54,6,1,0.0506813885541732,1.98795281767249,0.0299913175255229,2,0
"755",8,55,5,2,0.774703833038328,0.547186761493717,0.600674208273304,1,1
"756",8,56,4,6,-0.164040422685821,0.0506813885541732,0.404845807458759,1,1
"757",8,57,4,1,-0.164040422685821,1.98795281767249,0.0205987434614652,2,0
"758",8,58,4,5,-0.164040422685821,0.774703833038328,0.156492740072923,1,1
"759",8,59,2,3,0.547186761493717,-0.581333578106962,0.883408206404757,1,1
"760",8,60,6,3,0.0506813885541732,-0.581333578106962,0.75660191972621,2,0
"761",8,61,4,3,-0.164040422685821,-0.581333578106962,0.678922555303103,2,0
"762",8,62,2,1,0.547186761493717,1.98795281767249,0.0700821869517316,2,0
"763",8,63,4,1,-0.164040422685821,1.98795281767249,0.0205987434614652,2,0
"764",8,64,5,4,0.774703833038328,-0.164040422685821,0.843507259927077,2,0
"765",8,65,2,4,0.547186761493717,-0.164040422685821,0.781816531104786,1,1
"766",8,66,1,3,1.98795281767249,-0.581333578106962,0.990151473204865,1,1
"767",8,67,2,1,0.547186761493717,1.98795281767249,0.0700821869517316,2,0
"768",8,68,5,3,0.774703833038328,-0.581333578106962,0.919337802546875,1,1
"769",8,69,4,1,-0.164040422685821,1.98795281767249,0.0205987434614652,2,0
"770",8,70,5,4,0.774703833038328,-0.164040422685821,0.843507259927077,1,1
"771",8,71,5,4,0.774703833038328,-0.164040422685821,0.843507259927077,2,0
"772",8,72,2,4,0.547186761493717,-0.164040422685821,0.781816531104786,2,0
"773",8,73,1,2,1.98795281767249,0.547186761493717,0.929917813048268,1,1
"774",8,74,6,3,0.0506813885541732,-0.581333578106962,0.75660191972621,2,0
"775",8,75,5,3,0.774703833038328,-0.581333578106962,0.919337802546875,1,1
"776",8,76,6,4,0.0506813885541732,-0.164040422685821,0.59515419254124,1,1
"777",8,77,1,2,1.98795281767249,0.547186761493717,0.929917813048268,1,1
"778",8,78,3,4,-0.581333578106962,-0.164040422685821,0.321077444696897,2,0
"779",8,79,3,4,-0.581333578106962,-0.164040422685821,0.321077444696897,2,0
"780",8,80,5,6,0.774703833038328,0.0506813885541732,0.785707830156887,1,1
"781",8,81,3,6,-0.581333578106962,0.0506813885541732,0.24339808027379,1,1
"782",8,82,2,3,0.547186761493717,-0.581333578106962,0.883408206404757,1,1
"783",8,83,4,1,-0.164040422685821,1.98795281767249,0.0205987434614652,2,0
"784",8,84,5,6,0.774703833038328,0.0506813885541732,0.785707830156887,1,1
"785",8,85,3,6,-0.581333578106962,0.0506813885541732,0.24339808027379,2,0
"786",8,86,6,3,0.0506813885541732,-0.581333578106962,0.75660191972621,2,0
"787",8,87,5,6,0.774703833038328,0.0506813885541732,0.785707830156887,2,0
"788",8,88,5,4,0.774703833038328,-0.164040422685821,0.843507259927077,1,1
"789",8,89,1,5,1.98795281767249,0.774703833038328,0.898178949284014,1,1
"790",8,90,3,6,-0.581333578106962,0.0506813885541732,0.24339808027379,2,0
"791",8,91,4,2,-0.164040422685821,0.547186761493717,0.218183468895214,2,0
"792",8,92,5,1,0.774703833038328,1.98795281767249,0.101821050715986,2,0
"793",8,93,5,1,0.774703833038328,1.98795281767249,0.101821050715986,2,0
"794",8,94,6,1,0.0506813885541732,1.98795281767249,0.0299913175255229,2,0
"795",8,95,6,1,0.0506813885541732,1.98795281767249,0.0299913175255229,2,0
"796",8,96,2,1,0.547186761493717,1.98795281767249,0.0700821869517316,2,0
"797",8,97,6,5,0.0506813885541732,0.774703833038328,0.214292169843113,2,0
"798",8,98,6,1,0.0506813885541732,1.98795281767249,0.0299913175255229,2,0
"799",8,99,3,4,-0.581333578106962,-0.164040422685821,0.321077444696897,2,0
"800",8,100,5,4,0.774703833038328,-0.164040422685821,0.843507259927077,1,1
"801",9,1,5,4,0.758973125434643,-0.00822890048784956,0.782057761339336,2,0
"802",9,2,3,5,-1.5775391790864,0.758973125434643,0.0200116036206436,2,0
"803",9,3,6,1,-0.922248059992152,0.649555569130476,0.0680090488656945,2,0
"804",9,4,1,3,0.649555569130476,-1.5775391790864,0.976084080521485,1,1
"805",9,5,3,2,-1.5775391790864,-0.21995750217954,0.094411936089837,2,0
"806",9,6,2,6,-0.21995750217954,-0.922248059992152,0.763071793472239,1,1
"807",9,7,2,5,-0.21995750217954,0.758973125434643,0.163787703647737,2,0
"808",9,8,5,3,0.758973125434643,-1.5775391790864,0.979988396379356,1,1
"809",9,9,4,3,-0.00822890048784956,-1.5775391790864,0.931727281870642,2,0
"810",9,10,1,5,0.649555569130476,0.758973125434643,0.454569632814325,1,1
"811",9,11,2,6,-0.21995750217954,-0.922248059992152,0.763071793472239,1,1
"812",9,12,6,5,-0.922248059992152,0.758973125434643,0.0573292353791582,2,0
"813",9,13,4,5,-0.00822890048784956,0.758973125434643,0.217942238660664,2,0
"814",9,14,4,5,-0.00822890048784956,0.758973125434643,0.217942238660664,2,0
"815",9,15,5,1,0.758973125434643,0.649555569130476,0.545430367185675,2,0
"816",9,16,4,1,-0.00822890048784956,0.649555569130476,0.250588797559798,1,1
"817",9,17,3,4,-1.5775391790864,-0.00822890048784956,0.0682727181293577,2,0
"818",9,18,5,6,0.758973125434643,-0.922248059992152,0.942670764620842,1,1
"819",9,19,3,2,-1.5775391790864,-0.21995750217954,0.094411936089837,2,0
"820",9,20,6,2,-0.922248059992152,-0.21995750217954,0.236928206527761,2,0
"821",9,21,3,6,-1.5775391790864,-0.922248059992152,0.251369405952931,1,1
"822",9,22,6,2,-0.922248059992152,-0.21995750217954,0.236928206527761,2,0
"823",9,23,3,6,-1.5775391790864,-0.922248059992152,0.251369405952931,1,1
"824",9,24,3,5,-1.5775391790864,0.758973125434643,0.0200116036206436,2,0
"825",9,25,2,5,-0.21995750217954,0.758973125434643,0.163787703647737,2,0
"826",9,26,4,2,-0.00822890048784956,-0.21995750217954,0.587251054337292,2,0
"827",9,27,5,3,0.758973125434643,-1.5775391790864,0.979988396379356,1,1
"828",9,28,6,3,-0.922248059992152,-1.5775391790864,0.748630594047069,1,1
"829",9,29,3,1,-1.5775391790864,0.649555569130476,0.023915919478515,2,0
"830",9,30,6,2,-0.922248059992152,-0.21995750217954,0.236928206527761,2,0
"831",9,31,1,6,0.649555569130476,-0.922248059992152,0.931990951134306,1,1
"832",9,32,4,2,-0.00822890048784956,-0.21995750217954,0.587251054337292,2,0
"833",9,33,2,3,-0.21995750217954,-1.5775391790864,0.905588063910163,1,1
"834",9,34,5,2,0.758973125434643,-0.21995750217954,0.836212296352263,1,1
"835",9,35,4,6,-0.00822890048784956,-0.922248059992152,0.820863366476463,1,1
"836",9,36,1,2,0.649555569130476,-0.21995750217954,0.809703906348833,1,1
"837",9,37,6,2,-0.922248059992152,-0.21995750217954,0.236928206527761,2,0
"838",9,38,1,3,0.649555569130476,-1.5775391790864,0.976084080521485,1,1
"839",9,39,2,5,-0.21995750217954,0.758973125434643,0.163787703647737,2,0
"840",9,40,5,2,0.758973125434643,-0.21995750217954,0.836212296352263,1,1
"841",9,41,6,2,-0.922248059992152,-0.21995750217954,0.236928206527761,2,0
"842",9,42,5,4,0.758973125434643,-0.00822890048784956,0.782057761339336,1,1
"843",9,43,2,6,-0.21995750217954,-0.922248059992152,0.763071793472239,1,1
"844",9,44,5,4,0.758973125434643,-0.00822890048784956,0.782057761339336,1,1
"845",9,45,4,1,-0.00822890048784956,0.649555569130476,0.250588797559798,2,0
"846",9,46,3,4,-1.5775391790864,-0.00822890048784956,0.0682727181293577,2,0
"847",9,47,2,3,-0.21995750217954,-1.5775391790864,0.905588063910163,1,1
"848",9,48,1,4,0.649555569130476,-0.00822890048784956,0.749411202440202,1,1
"849",9,49,1,2,0.649555569130476,-0.21995750217954,0.809703906348833,2,0
"850",9,50,3,5,-1.5775391790864,0.758973125434643,0.0200116036206436,2,0
"851",9,51,4,6,-0.00822890048784956,-0.922248059992152,0.820863366476463,1,1
"852",9,52,2,5,-0.21995750217954,0.758973125434643,0.163787703647737,2,0
"853",9,53,5,1,0.758973125434643,0.649555569130476,0.545430367185675,2,0
"854",9,54,6,5,-0.922248059992152,0.758973125434643,0.0573292353791582,2,0
"855",9,55,5,4,0.758973125434643,-0.00822890048784956,0.782057761339336,1,1
"856",9,56,1,3,0.649555569130476,-1.5775391790864,0.976084080521485,1,1
"857",9,57,4,6,-0.00822890048784956,-0.922248059992152,0.820863366476463,1,1
"858",9,58,1,3,0.649555569130476,-1.5775391790864,0.976084080521485,1,1
"859",9,59,2,5,-0.21995750217954,0.758973125434643,0.163787703647737,2,0
"860",9,60,4,6,-0.00822890048784956,-0.922248059992152,0.820863366476463,1,1
"861",9,61,4,3,-0.00822890048784956,-1.5775391790864,0.931727281870642,1,1
"862",9,62,2,5,-0.21995750217954,0.758973125434643,0.163787703647737,2,0
"863",9,63,4,6,-0.00822890048784956,-0.922248059992152,0.820863366476463,1,1
"864",9,64,6,1,-0.922248059992152,0.649555569130476,0.0680090488656945,2,0
"865",9,65,1,6,0.649555569130476,-0.922248059992152,0.931990951134306,1,1
"866",9,66,6,5,-0.922248059992152,0.758973125434643,0.0573292353791582,2,0
"867",9,67,6,5,-0.922248059992152,0.758973125434643,0.0573292353791582,2,0
"868",9,68,4,3,-0.00822890048784956,-1.5775391790864,0.931727281870642,1,1
"869",9,69,1,2,0.649555569130476,-0.21995750217954,0.809703906348833,2,0
"870",9,70,5,6,0.758973125434643,-0.922248059992152,0.942670764620842,1,1
"871",9,71,2,4,-0.21995750217954,-0.00822890048784956,0.412748945662708,2,0
"872",9,72,1,3,0.649555569130476,-1.5775391790864,0.976084080521485,1,1
"873",9,73,4,2,-0.00822890048784956,-0.21995750217954,0.587251054337292,1,1
"874",9,74,2,6,-0.21995750217954,-0.922248059992152,0.763071793472239,2,0
"875",9,75,4,5,-0.00822890048784956,0.758973125434643,0.217942238660664,2,0
"876",9,76,1,3,0.649555569130476,-1.5775391790864,0.976084080521485,1,1
"877",9,77,4,1,-0.00822890048784956,0.649555569130476,0.250588797559798,2,0
"878",9,78,3,1,-1.5775391790864,0.649555569130476,0.023915919478515,2,0
"879",9,79,1,5,0.649555569130476,0.758973125434643,0.454569632814325,1,1
"880",9,80,2,3,-0.21995750217954,-1.5775391790864,0.905588063910163,1,1
"881",9,81,1,6,0.649555569130476,-0.922248059992152,0.931990951134306,1,1
"882",9,82,3,6,-1.5775391790864,-0.922248059992152,0.251369405952931,1,1
"883",9,83,1,3,0.649555569130476,-1.5775391790864,0.976084080521485,1,1
"884",9,84,2,6,-0.21995750217954,-0.922248059992152,0.763071793472239,1,1
"885",9,85,5,4,0.758973125434643,-0.00822890048784956,0.782057761339336,1,1
"886",9,86,6,4,-0.922248059992152,-0.00822890048784956,0.179136633523537,2,0
"887",9,87,6,1,-0.922248059992152,0.649555569130476,0.0680090488656945,2,0
"888",9,88,6,4,-0.922248059992152,-0.00822890048784956,0.179136633523537,1,1
"889",9,89,1,6,0.649555569130476,-0.922248059992152,0.931990951134306,1,1
"890",9,90,2,5,-0.21995750217954,0.758973125434643,0.163787703647737,1,1
"891",9,91,1,3,0.649555569130476,-1.5775391790864,0.976084080521485,1,1
"892",9,92,3,5,-1.5775391790864,0.758973125434643,0.0200116036206436,2,0
"893",9,93,5,3,0.758973125434643,-1.5775391790864,0.979988396379356,1,1
"894",9,94,5,1,0.758973125434643,0.649555569130476,0.545430367185675,2,0
"895",9,95,4,1,-0.00822890048784956,0.649555569130476,0.250588797559798,2,0
"896",9,96,2,5,-0.21995750217954,0.758973125434643,0.163787703647737,2,0
"897",9,97,6,5,-0.922248059992152,0.758973125434643,0.0573292353791582,2,0
"898",9,98,2,3,-0.21995750217954,-1.5775391790864,0.905588063910163,1,1
"899",9,99,2,1,-0.21995750217954,0.649555569130476,0.190296093651166,2,0
"900",9,100,6,3,-0.922248059992152,-1.5775391790864,0.748630594047069,1,1
"901",10,1,3,4,2.43995428879294,0.188331171954439,0.864326017133413,1,1
"902",10,2,4,3,0.188331171954439,2.43995428879294,0.135673982866587,2,0
"903",10,3,4,1,0.188331171954439,0.0593696136769325,0.526489104698771,2,0
"904",10,4,5,1,-1.66763860994785,0.0593696136769325,0.194620645617005,2,0
"905",10,5,2,4,-0.101585755443439,0.188331171954439,0.440675118419356,1,1
"906",10,6,4,1,0.188331171954439,0.0593696136769325,0.526489104698771,1,1
"907",10,7,6,2,2.28675204000762,-0.101585755443439,0.876978889909299,1,1
"908",10,8,1,6,0.0593696136769325,2.28675204000762,0.138028729601011,1,1
"909",10,9,6,2,2.28675204000762,-0.101585755443439,0.876978889909299,1,1
"910",10,10,6,4,2.28675204000762,0.188331171954439,0.848862137902281,2,0
"911",10,11,1,3,0.0593696136769325,2.43995428879294,0.123710655345488,2,0
"912",10,12,5,1,-1.66763860994785,0.0593696136769325,0.194620645617005,2,0
"913",10,13,2,4,-0.101585755443439,0.188331171954439,0.440675118419356,1,1
"914",10,14,2,1,-0.101585755443439,0.0593696136769325,0.466956516672441,2,0
"915",10,15,5,3,-1.66763860994785,2.43995428879294,0.032989753395053,2,0
"916",10,16,3,6,2.43995428879294,2.28675204000762,0.531456108658711,1,1
"917",10,17,2,3,-0.101585755443439,2.43995428879294,0.110061036975548,2,0
"918",10,18,3,1,2.43995428879294,0.0593696136769325,0.876289344654512,1,1
"919",10,19,3,5,2.43995428879294,-1.66763860994785,0.967010246604947,1,1
"920",10,20,5,2,-1.66763860994785,-0.101585755443439,0.216209436385854,2,0
"921",10,21,4,6,0.188331171954439,2.28675204000762,0.151137862097719,2,0
"922",10,22,6,2,2.28675204000762,-0.101585755443439,0.876978889909299,1,1
"923",10,23,3,1,2.43995428879294,0.0593696136769325,0.876289344654512,1,1
"924",10,24,5,6,-1.66763860994785,2.28675204000762,0.037254324475949,2,0
"925",10,25,6,4,2.28675204000762,0.188331171954439,0.848862137902281,2,0
"926",10,26,6,5,2.28675204000762,-1.66763860994785,0.962745675524051,1,1
"927",10,27,1,2,0.0593696136769325,-0.101585755443439,0.533043483327559,2,0
"928",10,28,5,6,-1.66763860994785,2.28675204000762,0.037254324475949,2,0
"929",10,29,4,1,0.188331171954439,0.0593696136769325,0.526489104698771,1,1
"930",10,30,2,6,-0.101585755443439,2.28675204000762,0.123021110090701,2,0
"931",10,31,3,4,2.43995428879294,0.188331171954439,0.864326017133413,1,1
"932",10,32,4,3,0.188331171954439,2.43995428879294,0.135673982866587,2,0
"933",10,33,5,3,-1.66763860994785,2.43995428879294,0.032989753395053,2,0
"934",10,34,2,5,-0.101585755443439,-1.66763860994785,0.783790563614146,1,1
"935",10,35,4,1,0.188331171954439,0.0593696136769325,0.526489104698771,1,1
"936",10,36,1,2,0.0593696136769325,-0.101585755443439,0.533043483327559,2,0
"937",10,37,2,6,-0.101585755443439,2.28675204000762,0.123021110090701,2,0
"938",10,38,4,3,0.188331171954439,2.43995428879294,0.135673982866587,2,0
"939",10,39,3,2,2.43995428879294,-0.101585755443439,0.889938963024452,1,1
"940",10,40,6,2,2.28675204000762,-0.101585755443439,0.876978889909299,1,1
"941",10,41,1,6,0.0593696136769325,2.28675204000762,0.138028729601011,2,0
"942",10,42,4,6,0.188331171954439,2.28675204000762,0.151137862097719,1,1
"943",10,43,2,4,-0.101585755443439,0.188331171954439,0.440675118419356,2,0
"944",10,44,5,1,-1.66763860994785,0.0593696136769325,0.194620645617005,2,0
"945",10,45,4,2,0.188331171954439,-0.101585755443439,0.559324881580644,1,1
"946",10,46,4,5,0.188331171954439,-1.66763860994785,0.821466789434071,1,1
"947",10,47,5,4,-1.66763860994785,0.188331171954439,0.178533210565929,2,0
"948",10,48,1,5,0.0593696136769325,-1.66763860994785,0.805379354382995,2,0
"949",10,49,4,2,0.188331171954439,-0.101585755443439,0.559324881580644,1,1
"950",10,50,5,4,-1.66763860994785,0.188331171954439,0.178533210565929,2,0
"951",10,51,6,1,2.28675204000762,0.0593696136769325,0.861971270398988,1,1
"952",10,52,5,2,-1.66763860994785,-0.101585755443439,0.216209436385854,1,1
"953",10,53,1,3,0.0593696136769325,2.43995428879294,0.123710655345488,2,0
"954",10,54,6,1,2.28675204000762,0.0593696136769325,0.861971270398988,1,1
"955",10,55,5,1,-1.66763860994785,0.0593696136769325,0.194620645617005,1,1
"956",10,56,5,1,-1.66763860994785,0.0593696136769325,0.194620645617005,2,0
"957",10,57,3,6,2.43995428879294,2.28675204000762,0.531456108658711,2,0
"958",10,58,6,3,2.28675204000762,2.43995428879294,0.468543891341289,1,1
"959",10,59,1,6,0.0593696136769325,2.28675204000762,0.138028729601011,2,0
"960",10,60,1,6,0.0593696136769325,2.28675204000762,0.138028729601011,2,0
"961",10,61,1,3,0.0593696136769325,2.43995428879294,0.123710655345488,2,0
"962",10,62,6,2,2.28675204000762,-0.101585755443439,0.876978889909299,1,1
"963",10,63,4,6,0.188331171954439,2.28675204000762,0.151137862097719,2,0
"964",10,64,2,4,-0.101585755443439,0.188331171954439,0.440675118419356,1,1
"965",10,65,4,3,0.188331171954439,2.43995428879294,0.135673982866587,2,0
"966",10,66,3,1,2.43995428879294,0.0593696136769325,0.876289344654512,2,0
"967",10,67,1,3,0.0593696136769325,2.43995428879294,0.123710655345488,2,0
"968",10,68,4,1,0.188331171954439,0.0593696136769325,0.526489104698771,1,1
"969",10,69,6,1,2.28675204000762,0.0593696136769325,0.861971270398988,1,1
"970",10,70,6,5,2.28675204000762,-1.66763860994785,0.962745675524051,1,1
"971",10,71,3,1,2.43995428879294,0.0593696136769325,0.876289344654512,2,0
"972",10,72,5,4,-1.66763860994785,0.188331171954439,0.178533210565929,2,0
"973",10,73,1,2,0.0593696136769325,-0.101585755443439,0.533043483327559,1,1
"974",10,74,6,4,2.28675204000762,0.188331171954439,0.848862137902281,1,1
"975",10,75,1,3,0.0593696136769325,2.43995428879294,0.123710655345488,2,0
"976",10,76,1,4,0.0593696136769325,0.188331171954439,0.473510895301229,2,0
"977",10,77,3,2,2.43995428879294,-0.101585755443439,0.889938963024452,1,1
"978",10,78,4,6,0.188331171954439,2.28675204000762,0.151137862097719,2,0
"979",10,79,4,2,0.188331171954439,-0.101585755443439,0.559324881580644,2,0
"980",10,80,3,1,2.43995428879294,0.0593696136769325,0.876289344654512,2,0
"981",10,81,1,4,0.0593696136769325,0.188331171954439,0.473510895301229,2,0
"982",10,82,4,2,0.188331171954439,-0.101585755443439,0.559324881580644,1,1
"983",10,83,6,4,2.28675204000762,0.188331171954439,0.848862137902281,1,1
"984",10,84,5,6,-1.66763860994785,2.28675204000762,0.037254324475949,2,0
"985",10,85,5,6,-1.66763860994785,2.28675204000762,0.037254324475949,2,0
"986",10,86,3,5,2.43995428879294,-1.66763860994785,0.967010246604947,1,1
"987",10,87,2,3,-0.101585755443439,2.43995428879294,0.110061036975548,2,0
"988",10,88,4,3,0.188331171954439,2.43995428879294,0.135673982866587,2,0
"989",10,89,3,1,2.43995428879294,0.0593696136769325,0.876289344654512,1,1
"990",10,90,1,3,0.0593696136769325,2.43995428879294,0.123710655345488,2,0
"991",10,91,4,1,0.188331171954439,0.0593696136769325,0.526489104698771,2,0
"992",10,92,1,3,0.0593696136769325,2.43995428879294,0.123710655345488,2,0
"993",10,93,3,6,2.43995428879294,2.28675204000762,0.531456108658711,1,1
"994",10,94,5,6,-1.66763860994785,2.28675204000762,0.037254324475949,2,0
"995",10,95,3,1,2.43995428879294,0.0593696136769325,0.876289344654512,1,1
"996",10,96,1,6,0.0593696136769325,2.28675204000762,0.138028729601011,2,0
"997",10,97,5,3,-1.66763860994785,2.43995428879294,0.032989753395053,2,0
"998",10,98,3,1,2.43995428879294,0.0593696136769325,0.876289344654512,1,1
"999",10,99,3,2,2.43995428879294,-0.101585755443439,0.889938963024452,1,1
"1000",10,100,3,4,2.43995428879294,0.188331171954439,0.864326017133413,2,0
