"","subject","trial","offer.1","offer.2","u1","u2","choice_prob","choice"
"1",1,1,2,6,0.3947085017565,-1.4954715282186,0.974568817102774,1
"2",1,2,5,4,-1.35708506937815,-0.473324270005821,0.153851119376424,2
"3",1,3,5,6,-1.35708506937815,-1.4954715282186,0.566340876942333,1
"4",1,4,5,3,-1.35708506937815,-0.88346370461279,0.286267618385425,1
"5",1,5,6,1,-1.4954715282186,0.174420186328016,0.0383794051105067,2
"6",1,6,4,3,-0.473324270005821,-0.88346370461279,0.688073691761576,1
"7",1,7,5,6,-1.35708506937815,-1.4954715282186,0.566340876942333,1
"8",1,8,6,4,-1.4954715282186,-0.473324270005821,0.122212059895999,2
"9",1,9,3,1,-0.88346370461279,0.174420186328016,0.115007618994437,2
"10",1,10,3,1,-0.88346370461279,0.174420186328016,0.115007618994437,1
"11",1,11,5,4,-1.35708506937815,-0.473324270005821,0.153851119376424,2
"12",1,12,4,5,-0.473324270005821,-1.35708506937815,0.846148880623576,1
"13",1,13,2,6,0.3947085017565,-1.4954715282186,0.974568817102774,1
"14",1,14,4,3,-0.473324270005821,-0.88346370461279,0.688073691761576,1
"15",1,15,5,4,-1.35708506937815,-0.473324270005821,0.153851119376424,1
"16",1,16,5,4,-1.35708506937815,-0.473324270005821,0.153851119376424,2
"17",1,17,4,5,-0.473324270005821,-1.35708506937815,0.846148880623576,1
"18",1,18,3,2,-0.88346370461279,0.3947085017565,0.0783123764979285,2
"19",1,19,2,4,0.3947085017565,-0.473324270005821,0.842157816698239,2
"20",1,20,2,3,0.3947085017565,-0.88346370461279,0.921687623502071,1
"21",1,21,5,2,-1.35708506937815,0.3947085017565,0.0329556486561844,2
"22",1,22,4,1,-0.473324270005821,0.174420186328016,0.222795069434,2
"23",1,23,4,2,-0.473324270005821,0.3947085017565,0.157842183301761,2
"24",1,24,4,6,-0.473324270005821,-1.4954715282186,0.877787940104001,1
"25",1,25,1,2,0.174420186328016,0.3947085017565,0.39534002693673,2
"26",1,26,1,5,0.174420186328016,-1.35708506937815,0.950459810633304,1
"27",1,27,2,5,0.3947085017565,-1.35708506937815,0.967044351343816,1
"28",1,28,2,1,0.3947085017565,0.174420186328016,0.60465997306327,1
"29",1,29,1,3,0.174420186328016,-0.88346370461279,0.884992381005563,1
"30",1,30,3,6,-0.88346370461279,-1.4954715282186,0.765040988572371,1
"31",1,31,5,3,-1.35708506937815,-0.88346370461279,0.286267618385425,1
"32",1,32,6,5,-1.4954715282186,-1.35708506937815,0.433659123057667,1
"33",1,33,2,5,0.3947085017565,-1.35708506937815,0.967044351343816,1
"34",1,34,3,4,-0.88346370461279,-0.473324270005821,0.311926308238424,2
"35",1,35,4,6,-0.473324270005821,-1.4954715282186,0.877787940104001,1
"36",1,36,3,2,-0.88346370461279,0.3947085017565,0.0783123764979285,2
"37",1,37,2,3,0.3947085017565,-0.88346370461279,0.921687623502071,1
"38",1,38,4,6,-0.473324270005821,-1.4954715282186,0.877787940104001,1
"39",1,39,4,1,-0.473324270005821,0.174420186328016,0.222795069434,1
"40",1,40,5,4,-1.35708506937815,-0.473324270005821,0.153851119376424,2
"41",1,41,6,4,-1.4954715282186,-0.473324270005821,0.122212059895999,1
"42",1,42,5,3,-1.35708506937815,-0.88346370461279,0.286267618385425,2
"43",1,43,2,6,0.3947085017565,-1.4954715282186,0.974568817102774,1
"44",1,44,5,1,-1.35708506937815,0.174420186328016,0.049540189366696,2
"45",1,45,1,2,0.174420186328016,0.3947085017565,0.39534002693673,2
"46",1,46,5,6,-1.35708506937815,-1.4954715282186,0.566340876942333,2
"47",1,47,3,5,-0.88346370461279,-1.35708506937815,0.713732381614575,2
"48",1,48,5,2,-1.35708506937815,0.3947085017565,0.0329556486561844,2
"49",1,49,6,2,-1.4954715282186,0.3947085017565,0.0254311828972261,2
"50",1,50,1,3,0.174420186328016,-0.88346370461279,0.884992381005563,1
"51",1,51,1,4,0.174420186328016,-0.473324270005821,0.777204930565999,2
"52",1,52,1,3,0.174420186328016,-0.88346370461279,0.884992381005563,1
"53",1,53,2,3,0.3947085017565,-0.88346370461279,0.921687623502071,1
"54",1,54,2,6,0.3947085017565,-1.4954715282186,0.974568817102774,1
"55",1,55,1,4,0.174420186328016,-0.473324270005821,0.777204930565999,1
"56",1,56,4,2,-0.473324270005821,0.3947085017565,0.157842183301761,2
"57",1,57,4,6,-0.473324270005821,-1.4954715282186,0.877787940104001,1
"58",1,58,6,1,-1.4954715282186,0.174420186328016,0.0383794051105067,1
"59",1,59,2,6,0.3947085017565,-1.4954715282186,0.974568817102774,1
"60",1,60,6,3,-1.4954715282186,-0.88346370461279,0.234959011427629,2
"61",1,61,4,3,-0.473324270005821,-0.88346370461279,0.688073691761576,1
"62",1,62,1,5,0.174420186328016,-1.35708506937815,0.950459810633304,1
"63",1,63,2,6,0.3947085017565,-1.4954715282186,0.974568817102774,1
"64",1,64,6,5,-1.4954715282186,-1.35708506937815,0.433659123057667,2
"65",1,65,1,2,0.174420186328016,0.3947085017565,0.39534002693673,1
"66",1,66,1,5,0.174420186328016,-1.35708506937815,0.950459810633304,1
"67",1,67,5,1,-1.35708506937815,0.174420186328016,0.049540189366696,2
"68",1,68,2,3,0.3947085017565,-0.88346370461279,0.921687623502071,1
"69",1,69,3,6,-0.88346370461279,-1.4954715282186,0.765040988572371,1
"70",1,70,4,3,-0.473324270005821,-0.88346370461279,0.688073691761576,2
"71",1,71,2,6,0.3947085017565,-1.4954715282186,0.974568817102774,1
"72",1,72,1,3,0.174420186328016,-0.88346370461279,0.884992381005563,1
"73",1,73,5,2,-1.35708506937815,0.3947085017565,0.0329556486561844,2
"74",1,74,3,2,-0.88346370461279,0.3947085017565,0.0783123764979285,2
"75",1,75,1,5,0.174420186328016,-1.35708506937815,0.950459810633304,1
"76",1,76,1,4,0.174420186328016,-0.473324270005821,0.777204930565999,1
"77",1,77,4,1,-0.473324270005821,0.174420186328016,0.222795069434,2
"78",1,78,4,5,-0.473324270005821,-1.35708506937815,0.846148880623576,1
"79",1,79,1,6,0.174420186328016,-1.4954715282186,0.961620594889493,1
"80",1,80,1,5,0.174420186328016,-1.35708506937815,0.950459810633304,1
"81",1,81,1,2,0.174420186328016,0.3947085017565,0.39534002693673,2
"82",1,82,2,6,0.3947085017565,-1.4954715282186,0.974568817102774,1
"83",1,83,6,3,-1.4954715282186,-0.88346370461279,0.234959011427629,1
"84",1,84,2,4,0.3947085017565,-0.473324270005821,0.842157816698239,1
"85",1,85,6,4,-1.4954715282186,-0.473324270005821,0.122212059895999,2
"86",1,86,5,2,-1.35708506937815,0.3947085017565,0.0329556486561844,2
"87",1,87,4,5,-0.473324270005821,-1.35708506937815,0.846148880623576,1
"88",1,88,4,1,-0.473324270005821,0.174420186328016,0.222795069434,2
"89",1,89,1,3,0.174420186328016,-0.88346370461279,0.884992381005563,1
"90",1,90,2,5,0.3947085017565,-1.35708506937815,0.967044351343816,1
"91",1,91,1,5,0.174420186328016,-1.35708506937815,0.950459810633304,2
"92",1,92,2,1,0.3947085017565,0.174420186328016,0.60465997306327,1
"93",1,93,3,6,-0.88346370461279,-1.4954715282186,0.765040988572371,1
"94",1,94,6,1,-1.4954715282186,0.174420186328016,0.0383794051105067,2
"95",1,95,6,5,-1.4954715282186,-1.35708506937815,0.433659123057667,1
"96",1,96,2,6,0.3947085017565,-1.4954715282186,0.974568817102774,1
"97",1,97,6,5,-1.4954715282186,-1.35708506937815,0.433659123057667,2
"98",1,98,4,5,-0.473324270005821,-1.35708506937815,0.846148880623576,1
"99",1,99,6,1,-1.4954715282186,0.174420186328016,0.0383794051105067,2
"100",1,100,4,2,-0.473324270005821,0.3947085017565,0.157842183301761,2
"101",2,1,1,6,-0.21069613126305,1.43663959195254,0.0413101138932308,2
"102",2,2,5,6,-1.31765620359311,1.43663959195254,0.00518161681218327,2
"103",2,3,4,3,-0.0726519040572103,1.40342261800455,0.0563829173454403,2
"104",2,4,4,1,-0.0726519040572103,-0.21069613126305,0.565496716667016,2
"105",2,5,6,3,1.43663959195254,1.40342261800455,0.515845962034907,1
"106",2,6,1,5,-0.21069613126305,-1.31765620359311,0.892158645737169,1
"107",2,7,5,1,-1.31765620359311,-0.21069613126305,0.107841354262831,2
"108",2,8,5,3,-1.31765620359311,1.40342261800455,0.00551892498531485,2
"109",2,9,6,5,1.43663959195254,-1.31765620359311,0.994818383187817,1
"110",2,10,1,4,-0.21069613126305,-0.0726519040572103,0.434503283332984,2
"111",2,11,2,3,-1.0166571234424,1.40342261800455,0.00976163087972222,2
"112",2,12,4,1,-0.0726519040572103,-0.21069613126305,0.565496716667016,1
"113",2,13,4,6,-0.0726519040572103,1.43663959195254,0.0531028790766297,2
"114",2,14,5,3,-1.31765620359311,1.40342261800455,0.00551892498531485,2
"115",2,15,2,4,-1.0166571234424,-0.0726519040572103,0.141616048471588,2
"116",2,16,1,5,-0.21069613126305,-1.31765620359311,0.892158645737169,1
"117",2,17,1,5,-0.21069613126305,-1.31765620359311,0.892158645737169,1
"118",2,18,5,2,-1.31765620359311,-1.0166571234424,0.360187192470965,1
"119",2,19,4,5,-0.0726519040572103,-1.31765620359311,0.915016404811187,1
"120",2,20,6,5,1.43663959195254,-1.31765620359311,0.994818383187817,1
"121",2,21,3,4,1.40342261800455,-0.0726519040572103,0.94361708265456,1
"122",2,22,5,1,-1.31765620359311,-0.21069613126305,0.107841354262831,2
"123",2,23,1,4,-0.21069613126305,-0.0726519040572103,0.434503283332984,1
"124",2,24,3,6,1.40342261800455,1.43663959195254,0.484154037965093,1
"125",2,25,6,2,1.43663959195254,-1.0166571234424,0.990832594555879,1
"126",2,26,1,2,-0.21069613126305,-1.0166571234424,0.823236522388744,1
"127",2,27,3,1,1.40342261800455,-0.21069613126305,0.956104491733812,1
"128",2,28,4,2,-0.0726519040572103,-1.0166571234424,0.858383951528412,1
"129",2,29,5,1,-1.31765620359311,-0.21069613126305,0.107841354262831,2
"130",2,30,6,4,1.43663959195254,-0.0726519040572103,0.94689712092337,1
"131",2,31,2,3,-1.0166571234424,1.40342261800455,0.00976163087972222,2
"132",2,32,2,1,-1.0166571234424,-0.21069613126305,0.176763477611256,1
"133",2,33,2,6,-1.0166571234424,1.43663959195254,0.00916740544412084,2
"134",2,34,6,5,1.43663959195254,-1.31765620359311,0.994818383187817,1
"135",2,35,1,2,-0.21069613126305,-1.0166571234424,0.823236522388744,1
"136",2,36,6,3,1.43663959195254,1.40342261800455,0.515845962034907,1
"137",2,37,1,3,-0.21069613126305,1.40342261800455,0.0438955082661875,2
"138",2,38,1,4,-0.21069613126305,-0.0726519040572103,0.434503283332984,2
"139",2,39,4,2,-0.0726519040572103,-1.0166571234424,0.858383951528412,1
"140",2,40,5,6,-1.31765620359311,1.43663959195254,0.00518161681218327,2
"141",2,41,1,6,-0.21069613126305,1.43663959195254,0.0413101138932308,2
"142",2,42,2,3,-1.0166571234424,1.40342261800455,0.00976163087972222,2
"143",2,43,6,4,1.43663959195254,-0.0726519040572103,0.94689712092337,1
"144",2,44,4,5,-0.0726519040572103,-1.31765620359311,0.915016404811187,1
"145",2,45,5,1,-1.31765620359311,-0.21069613126305,0.107841354262831,2
"146",2,46,4,6,-0.0726519040572103,1.43663959195254,0.0531028790766297,2
"147",2,47,1,4,-0.21069613126305,-0.0726519040572103,0.434503283332984,2
"148",2,48,1,5,-0.21069613126305,-1.31765620359311,0.892158645737169,1
"149",2,49,4,2,-0.0726519040572103,-1.0166571234424,0.858383951528412,1
"150",2,50,3,1,1.40342261800455,-0.21069613126305,0.956104491733812,1
"151",2,51,4,6,-0.0726519040572103,1.43663959195254,0.0531028790766297,2
"152",2,52,6,4,1.43663959195254,-0.0726519040572103,0.94689712092337,1
"153",2,53,1,5,-0.21069613126305,-1.31765620359311,0.892158645737169,1
"154",2,54,2,5,-1.0166571234424,-1.31765620359311,0.639812807529035,1
"155",2,55,3,1,1.40342261800455,-0.21069613126305,0.956104491733812,1
"156",2,56,3,5,1.40342261800455,-1.31765620359311,0.994481075014685,1
"157",2,57,3,4,1.40342261800455,-0.0726519040572103,0.94361708265456,1
"158",2,58,1,6,-0.21069613126305,1.43663959195254,0.0413101138932308,2
"159",2,59,3,5,1.40342261800455,-1.31765620359311,0.994481075014685,1
"160",2,60,6,5,1.43663959195254,-1.31765620359311,0.994818383187817,1
"161",2,61,6,3,1.43663959195254,1.40342261800455,0.515845962034907,1
"162",2,62,5,3,-1.31765620359311,1.40342261800455,0.00551892498531485,2
"163",2,63,5,2,-1.31765620359311,-1.0166571234424,0.360187192470965,1
"164",2,64,6,1,1.43663959195254,-0.21069613126305,0.958689886106769,1
"165",2,65,6,5,1.43663959195254,-1.31765620359311,0.994818383187817,1
"166",2,66,4,5,-0.0726519040572103,-1.31765620359311,0.915016404811187,1
"167",2,67,3,1,1.40342261800455,-0.21069613126305,0.956104491733812,1
"168",2,68,2,6,-1.0166571234424,1.43663959195254,0.00916740544412084,2
"169",2,69,1,6,-0.21069613126305,1.43663959195254,0.0413101138932308,2
"170",2,70,2,1,-1.0166571234424,-0.21069613126305,0.176763477611256,2
"171",2,71,6,3,1.43663959195254,1.40342261800455,0.515845962034907,2
"172",2,72,2,5,-1.0166571234424,-1.31765620359311,0.639812807529035,1
"173",2,73,4,6,-0.0726519040572103,1.43663959195254,0.0531028790766297,1
"174",2,74,3,6,1.40342261800455,1.43663959195254,0.484154037965093,2
"175",2,75,2,1,-1.0166571234424,-0.21069613126305,0.176763477611256,2
"176",2,76,1,6,-0.21069613126305,1.43663959195254,0.0413101138932308,2
"177",2,77,5,6,-1.31765620359311,1.43663959195254,0.00518161681218327,2
"178",2,78,4,3,-0.0726519040572103,1.40342261800455,0.0563829173454403,2
"179",2,79,5,1,-1.31765620359311,-0.21069613126305,0.107841354262831,2
"180",2,80,4,1,-0.0726519040572103,-0.21069613126305,0.565496716667016,2
"181",2,81,2,3,-1.0166571234424,1.40342261800455,0.00976163087972222,2
"182",2,82,4,6,-0.0726519040572103,1.43663959195254,0.0531028790766297,2
"183",2,83,2,4,-1.0166571234424,-0.0726519040572103,0.141616048471588,2
"184",2,84,4,6,-0.0726519040572103,1.43663959195254,0.0531028790766297,2
"185",2,85,5,6,-1.31765620359311,1.43663959195254,0.00518161681218327,2
"186",2,86,4,3,-0.0726519040572103,1.40342261800455,0.0563829173454403,2
"187",2,87,2,1,-1.0166571234424,-0.21069613126305,0.176763477611256,2
"188",2,88,6,1,1.43663959195254,-0.21069613126305,0.958689886106769,1
"189",2,89,3,1,1.40342261800455,-0.21069613126305,0.956104491733812,1
"190",2,90,2,3,-1.0166571234424,1.40342261800455,0.00976163087972222,2
"191",2,91,6,1,1.43663959195254,-0.21069613126305,0.958689886106769,1
"192",2,92,3,1,1.40342261800455,-0.21069613126305,0.956104491733812,1
"193",2,93,1,3,-0.21069613126305,1.40342261800455,0.0438955082661875,2
"194",2,94,3,6,1.40342261800455,1.43663959195254,0.484154037965093,2
"195",2,95,2,1,-1.0166571234424,-0.21069613126305,0.176763477611256,2
"196",2,96,2,6,-1.0166571234424,1.43663959195254,0.00916740544412084,2
"197",2,97,5,4,-1.31765620359311,-0.0726519040572103,0.0849835951888127,2
"198",2,98,6,3,1.43663959195254,1.40342261800455,0.515845962034907,1
"199",2,99,3,6,1.40342261800455,1.43663959195254,0.484154037965093,1
"200",2,100,4,5,-0.0726519040572103,-1.31765620359311,0.915016404811187,1
"201",3,1,6,2,0.96926425197098,-0.354875215204258,0.851081533400117,1
"202",3,2,4,1,-1.52894096540385,-1.61203072913214,0.527317795709089,2
"203",3,3,4,5,-1.52894096540385,0.204139910918215,0.0926715415261437,2
"204",3,4,1,2,-1.61203072913214,-0.354875215204258,0.160443663265909,2
"205",3,5,5,2,0.204139910918215,-0.354875215204258,0.676097004205844,1
"206",3,6,6,5,0.96926425197098,0.204139910918215,0.732475059225186,2
"207",3,7,2,5,-0.354875215204258,0.204139910918215,0.323902995794156,2
"208",3,8,4,2,-1.52894096540385,-0.354875215204258,0.175729828498917,2
"209",3,9,1,5,-1.61203072913214,0.204139910918215,0.0838751557270699,2
"210",3,10,3,4,0.598748185392533,-1.52894096540385,0.942724921567851,1
"211",3,11,2,4,-0.354875215204258,-1.52894096540385,0.824270171501083,2
"212",3,12,3,6,0.598748185392533,0.96926425197098,0.380423600474189,2
"213",3,13,4,3,-1.52894096540385,0.598748185392533,0.0572750784321486,2
"214",3,14,2,6,-0.354875215204258,0.96926425197098,0.148918466599883,1
"215",3,15,5,2,0.204139910918215,-0.354875215204258,0.676097004205844,2
"216",3,16,5,3,0.204139910918215,0.598748185392533,0.372977145487866,1
"217",3,17,6,5,0.96926425197098,0.204139910918215,0.732475059225186,1
"218",3,18,2,5,-0.354875215204258,0.204139910918215,0.323902995794156,1
"219",3,19,4,3,-1.52894096540385,0.598748185392533,0.0572750784321486,1
"220",3,20,2,4,-0.354875215204258,-1.52894096540385,0.824270171501083,1
"221",3,21,3,5,0.598748185392533,0.204139910918215,0.627022854512134,1
"222",3,22,6,2,0.96926425197098,-0.354875215204258,0.851081533400117,1
"223",3,23,6,4,0.96926425197098,-1.52894096540385,0.964037712150968,1
"224",3,24,5,2,0.204139910918215,-0.354875215204258,0.676097004205844,1
"225",3,25,1,3,-1.61203072913214,0.598748185392533,0.0516472764387198,2
"226",3,26,3,6,0.598748185392533,0.96926425197098,0.380423600474189,1
"227",3,27,6,1,0.96926425197098,-1.61203072913214,0.967643214551356,1
"228",3,28,1,3,-1.61203072913214,0.598748185392533,0.0516472764387198,2
"229",3,29,3,1,0.598748185392533,-1.61203072913214,0.94835272356128,1
"230",3,30,1,6,-1.61203072913214,0.96926425197098,0.0323567854486443,2
"231",3,31,5,2,0.204139910918215,-0.354875215204258,0.676097004205844,1
"232",3,32,1,5,-1.61203072913214,0.204139910918215,0.0838751557270699,2
"233",3,33,3,6,0.598748185392533,0.96926425197098,0.380423600474189,2
"234",3,34,3,1,0.598748185392533,-1.61203072913214,0.94835272356128,1
"235",3,35,1,4,-1.61203072913214,-1.52894096540385,0.472682204290911,1
"236",3,36,5,2,0.204139910918215,-0.354875215204258,0.676097004205844,1
"237",3,37,3,1,0.598748185392533,-1.61203072913214,0.94835272356128,2
"238",3,38,4,1,-1.52894096540385,-1.61203072913214,0.527317795709089,1
"239",3,39,5,2,0.204139910918215,-0.354875215204258,0.676097004205844,1
"240",3,40,3,5,0.598748185392533,0.204139910918215,0.627022854512134,1
"241",3,41,5,1,0.204139910918215,-1.61203072913214,0.91612484427293,1
"242",3,42,3,1,0.598748185392533,-1.61203072913214,0.94835272356128,1
"243",3,43,6,1,0.96926425197098,-1.61203072913214,0.967643214551356,1
"244",3,44,2,5,-0.354875215204258,0.204139910918215,0.323902995794156,2
"245",3,45,4,5,-1.52894096540385,0.204139910918215,0.0926715415261437,2
"246",3,46,3,1,0.598748185392533,-1.61203072913214,0.94835272356128,1
"247",3,47,6,5,0.96926425197098,0.204139910918215,0.732475059225186,2
"248",3,48,6,1,0.96926425197098,-1.61203072913214,0.967643214551356,1
"249",3,49,3,2,0.598748185392533,-0.354875215204258,0.778226035838728,2
"250",3,50,1,4,-1.61203072913214,-1.52894096540385,0.472682204290911,1
"251",3,51,5,2,0.204139910918215,-0.354875215204258,0.676097004205844,1
"252",3,52,2,6,-0.354875215204258,0.96926425197098,0.148918466599883,2
"253",3,53,6,3,0.96926425197098,0.598748185392533,0.619576399525811,2
"254",3,54,6,2,0.96926425197098,-0.354875215204258,0.851081533400117,2
"255",3,55,5,1,0.204139910918215,-1.61203072913214,0.91612484427293,1
"256",3,56,6,2,0.96926425197098,-0.354875215204258,0.851081533400117,1
"257",3,57,2,6,-0.354875215204258,0.96926425197098,0.148918466599883,2
"258",3,58,6,3,0.96926425197098,0.598748185392533,0.619576399525811,2
"259",3,59,2,5,-0.354875215204258,0.204139910918215,0.323902995794156,2
"260",3,60,2,1,-0.354875215204258,-1.61203072913214,0.839556336734091,1
"261",3,61,6,5,0.96926425197098,0.204139910918215,0.732475059225186,1
"262",3,62,6,3,0.96926425197098,0.598748185392533,0.619576399525811,1
"263",3,63,6,5,0.96926425197098,0.204139910918215,0.732475059225186,1
"264",3,64,5,1,0.204139910918215,-1.61203072913214,0.91612484427293,1
"265",3,65,6,2,0.96926425197098,-0.354875215204258,0.851081533400117,1
"266",3,66,3,6,0.598748185392533,0.96926425197098,0.380423600474189,2
"267",3,67,6,4,0.96926425197098,-1.52894096540385,0.964037712150968,1
"268",3,68,5,3,0.204139910918215,0.598748185392533,0.372977145487866,1
"269",3,69,3,1,0.598748185392533,-1.61203072913214,0.94835272356128,1
"270",3,70,4,5,-1.52894096540385,0.204139910918215,0.0926715415261437,2
"271",3,71,4,6,-1.52894096540385,0.96926425197098,0.0359622878490323,2
"272",3,72,2,5,-0.354875215204258,0.204139910918215,0.323902995794156,2
"273",3,73,6,4,0.96926425197098,-1.52894096540385,0.964037712150968,1
"274",3,74,5,6,0.204139910918215,0.96926425197098,0.267524940774814,2
"275",3,75,4,3,-1.52894096540385,0.598748185392533,0.0572750784321486,2
"276",3,76,2,4,-0.354875215204258,-1.52894096540385,0.824270171501083,1
"277",3,77,1,2,-1.61203072913214,-0.354875215204258,0.160443663265909,2
"278",3,78,2,6,-0.354875215204258,0.96926425197098,0.148918466599883,2
"279",3,79,2,1,-0.354875215204258,-1.61203072913214,0.839556336734091,2
"280",3,80,3,1,0.598748185392533,-1.61203072913214,0.94835272356128,1
"281",3,81,2,6,-0.354875215204258,0.96926425197098,0.148918466599883,2
"282",3,82,6,5,0.96926425197098,0.204139910918215,0.732475059225186,1
"283",3,83,4,1,-1.52894096540385,-1.61203072913214,0.527317795709089,2
"284",3,84,4,2,-1.52894096540385,-0.354875215204258,0.175729828498917,2
"285",3,85,1,5,-1.61203072913214,0.204139910918215,0.0838751557270699,2
"286",3,86,3,6,0.598748185392533,0.96926425197098,0.380423600474189,2
"287",3,87,5,2,0.204139910918215,-0.354875215204258,0.676097004205844,1
"288",3,88,4,5,-1.52894096540385,0.204139910918215,0.0926715415261437,2
"289",3,89,1,6,-1.61203072913214,0.96926425197098,0.0323567854486443,2
"290",3,90,2,5,-0.354875215204258,0.204139910918215,0.323902995794156,1
"291",3,91,5,2,0.204139910918215,-0.354875215204258,0.676097004205844,2
"292",3,92,2,4,-0.354875215204258,-1.52894096540385,0.824270171501083,1
"293",3,93,5,6,0.204139910918215,0.96926425197098,0.267524940774814,2
"294",3,94,1,6,-1.61203072913214,0.96926425197098,0.0323567854486443,2
"295",3,95,6,2,0.96926425197098,-0.354875215204258,0.851081533400117,1
"296",3,96,3,5,0.598748185392533,0.204139910918215,0.627022854512134,1
"297",3,97,4,2,-1.52894096540385,-0.354875215204258,0.175729828498917,2
"298",3,98,3,5,0.598748185392533,0.204139910918215,0.627022854512134,2
"299",3,99,3,6,0.598748185392533,0.96926425197098,0.380423600474189,2
"300",3,100,2,4,-0.354875215204258,-1.52894096540385,0.824270171501083,1
"301",4,1,3,1,-1.43467753268864,0.809998045054603,0.0375650339645529,2
"302",4,2,2,3,-1.03227043779283,-1.43467753268864,0.641400744286225,1
"303",4,3,2,5,-1.03227043779283,-1.02308883824565,0.496683362885011,1
"304",4,4,4,1,-0.870335357099151,0.809998045054603,0.0810653448666829,2
"305",4,5,4,5,-0.870335357099151,-1.02308883824565,0.554956490036149,2
"306",4,6,2,6,-1.03227043779283,0.285879634496095,0.129585243965115,2
"307",4,7,3,5,-1.43467753268864,-1.02308883824565,0.355553585602471,1
"308",4,8,1,5,0.809998045054603,-1.02308883824565,0.933929408752639,1
"309",4,9,4,6,-0.870335357099151,0.285879634496095,0.158338001955348,2
"310",4,10,1,6,0.809998045054603,0.285879634496095,0.680770062974451,1
"311",4,11,1,5,0.809998045054603,-1.02308883824565,0.933929408752639,1
"312",4,12,5,1,-1.02308883824565,0.809998045054603,0.066070591247361,2
"313",4,13,2,6,-1.03227043779283,0.285879634496095,0.129585243965115,2
"314",4,14,6,5,0.285879634496095,-1.02308883824565,0.868910993771978,1
"315",4,15,6,2,0.285879634496095,-1.03227043779283,0.870414756034885,1
"316",4,16,3,4,-1.43467753268864,-0.870335357099151,0.306733888275728,1
"317",4,17,2,5,-1.03227043779283,-1.02308883824565,0.496683362885011,2
"318",4,18,3,6,-1.43467753268864,0.285879634496095,0.0768398125419105,2
"319",4,19,5,4,-1.02308883824565,-0.870335357099151,0.445043509963852,2
"320",4,20,1,4,0.809998045054603,-0.870335357099151,0.918934655133317,1
"321",4,21,6,4,0.285879634496095,-0.870335357099151,0.841661998044652,1
"322",4,22,2,5,-1.03227043779283,-1.02308883824565,0.496683362885011,1
"323",4,23,6,4,0.285879634496095,-0.870335357099151,0.841661998044652,1
"324",4,24,3,5,-1.43467753268864,-1.02308883824565,0.355553585602471,2
"325",4,25,2,6,-1.03227043779283,0.285879634496095,0.129585243965115,2
"326",4,26,4,6,-0.870335357099151,0.285879634496095,0.158338001955348,2
"327",4,27,3,6,-1.43467753268864,0.285879634496095,0.0768398125419105,2
"328",4,28,2,5,-1.03227043779283,-1.02308883824565,0.496683362885011,2
"329",4,29,4,1,-0.870335357099151,0.809998045054603,0.0810653448666829,2
"330",4,30,1,3,0.809998045054603,-1.43467753268864,0.962434966035447,1
"331",4,31,4,6,-0.870335357099151,0.285879634496095,0.158338001955348,2
"332",4,32,6,2,0.285879634496095,-1.03227043779283,0.870414756034885,1
"333",4,33,6,1,0.285879634496095,0.809998045054603,0.31922993702555,1
"334",4,34,6,5,0.285879634496095,-1.02308883824565,0.868910993771978,1
"335",4,35,3,1,-1.43467753268864,0.809998045054603,0.0375650339645529,2
"336",4,36,4,6,-0.870335357099151,0.285879634496095,0.158338001955348,2
"337",4,37,3,5,-1.43467753268864,-1.02308883824565,0.355553585602471,2
"338",4,38,5,4,-1.02308883824565,-0.870335357099151,0.445043509963852,2
"339",4,39,1,3,0.809998045054603,-1.43467753268864,0.962434966035447,1
"340",4,40,1,4,0.809998045054603,-0.870335357099151,0.918934655133317,1
"341",4,41,3,4,-1.43467753268864,-0.870335357099151,0.306733888275728,2
"342",4,42,5,1,-1.02308883824565,0.809998045054603,0.066070591247361,1
"343",4,43,5,1,-1.02308883824565,0.809998045054603,0.066070591247361,2
"344",4,44,6,2,0.285879634496095,-1.03227043779283,0.870414756034885,1
"345",4,45,6,4,0.285879634496095,-0.870335357099151,0.841661998044652,2
"346",4,46,4,2,-0.870335357099151,-1.03227043779283,0.558230672161582,1
"347",4,47,2,3,-1.03227043779283,-1.43467753268864,0.641400744286225,2
"348",4,48,1,2,0.809998045054603,-1.03227043779283,0.934743339093856,1
"349",4,49,1,5,0.809998045054603,-1.02308883824565,0.933929408752639,1
"350",4,50,4,1,-0.870335357099151,0.809998045054603,0.0810653448666829,2
"351",4,51,1,3,0.809998045054603,-1.43467753268864,0.962434966035447,1
"352",4,52,4,1,-0.870335357099151,0.809998045054603,0.0810653448666829,2
"353",4,53,5,1,-1.02308883824565,0.809998045054603,0.066070591247361,2
"354",4,54,1,2,0.809998045054603,-1.03227043779283,0.934743339093856,1
"355",4,55,2,1,-1.03227043779283,0.809998045054603,0.0652566609061443,2
"356",4,56,5,6,-1.02308883824565,0.285879634496095,0.131089006228022,2
"357",4,57,2,3,-1.03227043779283,-1.43467753268864,0.641400744286225,1
"358",4,58,2,6,-1.03227043779283,0.285879634496095,0.129585243965115,2
"359",4,59,2,1,-1.03227043779283,0.809998045054603,0.0652566609061443,2
"360",4,60,1,5,0.809998045054603,-1.02308883824565,0.933929408752639,1
"361",4,61,3,4,-1.43467753268864,-0.870335357099151,0.306733888275728,1
"362",4,62,5,2,-1.02308883824565,-1.03227043779283,0.503316637114989,2
"363",4,63,5,6,-1.02308883824565,0.285879634496095,0.131089006228022,2
"364",4,64,1,4,0.809998045054603,-0.870335357099151,0.918934655133317,1
"365",4,65,4,1,-0.870335357099151,0.809998045054603,0.0810653448666829,2
"366",4,66,1,3,0.809998045054603,-1.43467753268864,0.962434966035447,1
"367",4,67,2,3,-1.03227043779283,-1.43467753268864,0.641400744286225,1
"368",4,68,1,3,0.809998045054603,-1.43467753268864,0.962434966035447,1
"369",4,69,2,6,-1.03227043779283,0.285879634496095,0.129585243965115,2
"370",4,70,1,2,0.809998045054603,-1.03227043779283,0.934743339093856,1
"371",4,71,6,3,0.285879634496095,-1.43467753268864,0.92316018745809,1
"372",4,72,2,4,-1.03227043779283,-0.870335357099151,0.441769327838418,1
"373",4,73,2,1,-1.03227043779283,0.809998045054603,0.0652566609061443,2
"374",4,74,4,2,-0.870335357099151,-1.03227043779283,0.558230672161582,1
"375",4,75,3,5,-1.43467753268864,-1.02308883824565,0.355553585602471,2
"376",4,76,3,6,-1.43467753268864,0.285879634496095,0.0768398125419105,2
"377",4,77,3,2,-1.43467753268864,-1.03227043779283,0.358599255713775,2
"378",4,78,4,5,-0.870335357099151,-1.02308883824565,0.554956490036149,1
"379",4,79,4,2,-0.870335357099151,-1.03227043779283,0.558230672161582,2
"380",4,80,4,3,-0.870335357099151,-1.43467753268864,0.693266111724272,1
"381",4,81,4,6,-0.870335357099151,0.285879634496095,0.158338001955348,1
"382",4,82,6,2,0.285879634496095,-1.03227043779283,0.870414756034885,1
"383",4,83,1,4,0.809998045054603,-0.870335357099151,0.918934655133317,1
"384",4,84,1,5,0.809998045054603,-1.02308883824565,0.933929408752639,1
"385",4,85,1,6,0.809998045054603,0.285879634496095,0.680770062974451,2
"386",4,86,1,2,0.809998045054603,-1.03227043779283,0.934743339093856,1
"387",4,87,4,5,-0.870335357099151,-1.02308883824565,0.554956490036149,1
"388",4,88,1,6,0.809998045054603,0.285879634496095,0.680770062974451,2
"389",4,89,6,3,0.285879634496095,-1.43467753268864,0.92316018745809,1
"390",4,90,6,3,0.285879634496095,-1.43467753268864,0.92316018745809,2
"391",4,91,3,1,-1.43467753268864,0.809998045054603,0.0375650339645529,2
"392",4,92,2,4,-1.03227043779283,-0.870335357099151,0.441769327838418,1
"393",4,93,2,5,-1.03227043779283,-1.02308883824565,0.496683362885011,2
"394",4,94,4,2,-0.870335357099151,-1.03227043779283,0.558230672161582,1
"395",4,95,5,6,-1.02308883824565,0.285879634496095,0.131089006228022,2
"396",4,96,1,6,0.809998045054603,0.285879634496095,0.680770062974451,1
"397",4,97,5,2,-1.02308883824565,-1.03227043779283,0.503316637114989,2
"398",4,98,4,2,-0.870335357099151,-1.03227043779283,0.558230672161582,1
"399",4,99,3,4,-1.43467753268864,-0.870335357099151,0.306733888275728,2
"400",4,100,1,4,0.809998045054603,-0.870335357099151,0.918934655133317,1
"401",5,1,4,2,-0.0374020326368332,-0.115462700557375,0.512506692412549,2
"402",5,2,1,4,0.0190164580531591,-0.0374020326368332,0.509040135488076,2
"403",5,3,4,6,-0.0374020326368332,0.211483474903913,0.460200222600059,1
"404",5,4,5,1,0.327867686913281,0.0190164580531591,0.549332700884125,1
"405",5,5,4,6,-0.0374020326368332,0.211483474903913,0.460200222600059,2
"406",5,6,1,4,0.0190164580531591,-0.0374020326368332,0.509040135488076,1
"407",5,7,4,3,-0.0374020326368332,-0.941159801896659,0.640909179187206,1
"408",5,8,2,5,-0.115462700557375,0.327867686913281,0.429430128410281,2
"409",5,9,3,2,-0.941159801896659,-0.115462700557375,0.370685948599162,2
"410",5,10,6,5,0.211483474903913,0.327867686913281,0.48135795651583,2
"411",5,11,4,3,-0.0374020326368332,-0.941159801896659,0.640909179187206,2
"412",5,12,6,3,0.211483474903913,-0.941159801896659,0.676744123557682,1
"413",5,13,2,6,-0.115462700557375,0.211483474903913,0.447797468262595,1
"414",5,14,5,1,0.327867686913281,0.0190164580531591,0.549332700884125,1
"415",5,15,2,6,-0.115462700557375,0.211483474903913,0.447797468262595,2
"416",5,16,5,4,0.327867686913281,-0.0374020326368332,0.558268890661307,1
"417",5,17,1,2,0.0190164580531591,-0.115462700557375,0.521537087779045,1
"418",5,18,2,4,-0.115462700557375,-0.0374020326368332,0.487493307587451,2
"419",5,19,1,6,0.0190164580531591,0.211483474903913,0.469196025577393,1
"420",5,20,2,1,-0.115462700557375,0.0190164580531591,0.478462912220955,2
"421",5,21,5,1,0.327867686913281,0.0190164580531591,0.549332700884125,1
"422",5,22,4,3,-0.0374020326368332,-0.941159801896659,0.640909179187206,1
"423",5,23,2,3,-0.115462700557375,-0.941159801896659,0.629314051400838,1
"424",5,24,1,5,0.0190164580531591,0.327867686913281,0.450667299115875,2
"425",5,25,5,2,0.327867686913281,-0.115462700557375,0.570569871589719,2
"426",5,26,2,3,-0.115462700557375,-0.941159801896659,0.629314051400838,1
"427",5,27,2,5,-0.115462700557375,0.327867686913281,0.429430128410281,2
"428",5,28,1,3,0.0190164580531591,-0.941159801896659,0.649189143432328,1
"429",5,29,4,3,-0.0374020326368332,-0.941159801896659,0.640909179187206,1
"430",5,30,2,4,-0.115462700557375,-0.0374020326368332,0.487493307587451,1
"431",5,31,6,5,0.211483474903913,0.327867686913281,0.48135795651583,1
"432",5,32,4,6,-0.0374020326368332,0.211483474903913,0.460200222600059,2
"433",5,33,2,3,-0.115462700557375,-0.941159801896659,0.629314051400838,1
"434",5,34,4,6,-0.0374020326368332,0.211483474903913,0.460200222600059,1
"435",5,35,6,5,0.211483474903913,0.327867686913281,0.48135795651583,2
"436",5,36,4,5,-0.0374020326368332,0.327867686913281,0.441731109338693,2
"437",5,37,6,4,0.211483474903913,-0.0374020326368332,0.539799777399941,2
"438",5,38,3,2,-0.941159801896659,-0.115462700557375,0.370685948599162,1
"439",5,39,4,5,-0.0374020326368332,0.327867686913281,0.441731109338693,2
"440",5,40,5,4,0.327867686913281,-0.0374020326368332,0.558268890661307,2
"441",5,41,6,3,0.211483474903913,-0.941159801896659,0.676744123557682,1
"442",5,42,2,6,-0.115462700557375,0.211483474903913,0.447797468262595,2
"443",5,43,6,2,0.211483474903913,-0.115462700557375,0.552202531737405,1
"444",5,44,5,4,0.327867686913281,-0.0374020326368332,0.558268890661307,1
"445",5,45,4,2,-0.0374020326368332,-0.115462700557375,0.512506692412549,1
"446",5,46,1,5,0.0190164580531591,0.327867686913281,0.450667299115875,2
"447",5,47,1,5,0.0190164580531591,0.327867686913281,0.450667299115875,1
"448",5,48,1,5,0.0190164580531591,0.327867686913281,0.450667299115875,2
"449",5,49,2,6,-0.115462700557375,0.211483474903913,0.447797468262595,2
"450",5,50,6,1,0.211483474903913,0.0190164580531591,0.530803974422607,1
"451",5,51,6,1,0.211483474903913,0.0190164580531591,0.530803974422607,1
"452",5,52,3,4,-0.941159801896659,-0.0374020326368332,0.359090820812794,2
"453",5,53,1,4,0.0190164580531591,-0.0374020326368332,0.509040135488076,1
"454",5,54,5,1,0.327867686913281,0.0190164580531591,0.549332700884125,1
"455",5,55,1,6,0.0190164580531591,0.211483474903913,0.469196025577393,2
"456",5,56,6,5,0.211483474903913,0.327867686913281,0.48135795651583,1
"457",5,57,2,1,-0.115462700557375,0.0190164580531591,0.478462912220955,2
"458",5,58,3,5,-0.941159801896659,0.327867686913281,0.307155425434438,2
"459",5,59,5,1,0.327867686913281,0.0190164580531591,0.549332700884125,2
"460",5,60,2,3,-0.115462700557375,-0.941159801896659,0.629314051400838,2
"461",5,61,5,4,0.327867686913281,-0.0374020326368332,0.558268890661307,2
"462",5,62,3,5,-0.941159801896659,0.327867686913281,0.307155425434438,1
"463",5,63,6,5,0.211483474903913,0.327867686913281,0.48135795651583,1
"464",5,64,2,4,-0.115462700557375,-0.0374020326368332,0.487493307587451,1
"465",5,65,4,6,-0.0374020326368332,0.211483474903913,0.460200222600059,2
"466",5,66,6,4,0.211483474903913,-0.0374020326368332,0.539799777399941,1
"467",5,67,4,5,-0.0374020326368332,0.327867686913281,0.441731109338693,1
"468",5,68,5,2,0.327867686913281,-0.115462700557375,0.570569871589719,2
"469",5,69,3,5,-0.941159801896659,0.327867686913281,0.307155425434438,2
"470",5,70,6,5,0.211483474903913,0.327867686913281,0.48135795651583,2
"471",5,71,1,3,0.0190164580531591,-0.941159801896659,0.649189143432328,1
"472",5,72,3,4,-0.941159801896659,-0.0374020326368332,0.359090820812794,2
"473",5,73,6,2,0.211483474903913,-0.115462700557375,0.552202531737405,2
"474",5,74,4,5,-0.0374020326368332,0.327867686913281,0.441731109338693,2
"475",5,75,2,4,-0.115462700557375,-0.0374020326368332,0.487493307587451,2
"476",5,76,3,5,-0.941159801896659,0.327867686913281,0.307155425434438,2
"477",5,77,4,5,-0.0374020326368332,0.327867686913281,0.441731109338693,2
"478",5,78,1,2,0.0190164580531591,-0.115462700557375,0.521537087779045,1
"479",5,79,4,3,-0.0374020326368332,-0.941159801896659,0.640909179187206,1
"480",5,80,4,5,-0.0374020326368332,0.327867686913281,0.441731109338693,2
"481",5,81,6,4,0.211483474903913,-0.0374020326368332,0.539799777399941,2
"482",5,82,4,3,-0.0374020326368332,-0.941159801896659,0.640909179187206,1
"483",5,83,6,5,0.211483474903913,0.327867686913281,0.48135795651583,2
"484",5,84,3,2,-0.941159801896659,-0.115462700557375,0.370685948599162,2
"485",5,85,5,1,0.327867686913281,0.0190164580531591,0.549332700884125,2
"486",5,86,1,5,0.0190164580531591,0.327867686913281,0.450667299115875,1
"487",5,87,5,4,0.327867686913281,-0.0374020326368332,0.558268890661307,1
"488",5,88,6,1,0.211483474903913,0.0190164580531591,0.530803974422607,2
"489",5,89,3,5,-0.941159801896659,0.327867686913281,0.307155425434438,2
"490",5,90,3,1,-0.941159801896659,0.0190164580531591,0.350810856567672,2
"491",5,91,6,4,0.211483474903913,-0.0374020326368332,0.539799777399941,1
"492",5,92,2,5,-0.115462700557375,0.327867686913281,0.429430128410281,2
"493",5,93,4,2,-0.0374020326368332,-0.115462700557375,0.512506692412549,2
"494",5,94,2,3,-0.115462700557375,-0.941159801896659,0.629314051400838,1
"495",5,95,2,1,-0.115462700557375,0.0190164580531591,0.478462912220955,1
"496",5,96,5,3,0.327867686913281,-0.941159801896659,0.692844574565562,2
"497",5,97,6,3,0.211483474903913,-0.941159801896659,0.676744123557682,1
"498",5,98,2,3,-0.115462700557375,-0.941159801896659,0.629314051400838,1
"499",5,99,6,5,0.211483474903913,0.327867686913281,0.48135795651583,1
"500",5,100,2,6,-0.115462700557375,0.211483474903913,0.447797468262595,1
"501",6,1,5,3,0.347183165344945,-0.707912811550149,0.887867651884147,1
"502",6,2,4,1,1.11525933107178,-0.623463255515476,0.968009383976037,1
"503",6,3,1,5,-0.623463255515476,0.347183165344945,0.129709550227014,2
"504",6,4,6,1,-3.78512481474655,-0.623463255515476,0.00202468005287631,2
"505",6,5,1,6,-0.623463255515476,-3.78512481474655,0.997975319947124,1
"506",6,6,6,2,-3.78512481474655,-1.15655454340486,0.00573808860883332,2
"507",6,7,2,6,-1.15655454340486,-3.78512481474655,0.994261911391167,1
"508",6,8,1,4,-0.623463255515476,1.11525933107178,0.0319906160239634,2
"509",6,9,2,4,-1.15655454340486,1.11525933107178,0.0114840969801917,2
"510",6,10,5,6,0.347183165344945,-3.78512481474655,0.999697717476506,1
"511",6,11,2,1,-1.15655454340486,-0.623463255515476,0.260101254161102,1
"512",6,12,1,5,-0.623463255515476,0.347183165344945,0.129709550227014,2
"513",6,13,4,2,1.11525933107178,-1.15655454340486,0.988515903019808,1
"514",6,14,5,4,0.347183165344945,1.11525933107178,0.181492253830914,2
"515",6,15,5,4,0.347183165344945,1.11525933107178,0.181492253830914,2
"516",6,16,3,4,-0.707912811550149,1.11525933107178,0.0272410118773337,2
"517",6,17,4,1,1.11525933107178,-0.623463255515476,0.968009383976037,1
"518",6,18,5,1,0.347183165344945,-0.623463255515476,0.870290449772986,1
"519",6,19,6,3,-3.78512481474655,-0.707912811550149,0.00238848824007419,2
"520",6,20,2,4,-1.15655454340486,1.11525933107178,0.0114840969801917,2
"521",6,21,6,4,-3.78512481474655,1.11525933107178,6.70425495205757e-05,2
"522",6,22,4,6,1.11525933107178,-3.78512481474655,0.999932957450479,1
"523",6,23,6,4,-3.78512481474655,1.11525933107178,6.70425495205757e-05,2
"524",6,24,4,2,1.11525933107178,-1.15655454340486,0.988515903019808,1
"525",6,25,2,3,-1.15655454340486,-0.707912811550149,0.293213257198362,2
"526",6,26,1,3,-0.623463255515476,-0.707912811550149,0.541309013397416,1
"527",6,27,1,6,-0.623463255515476,-3.78512481474655,0.997975319947124,1
"528",6,28,4,2,1.11525933107178,-1.15655454340486,0.988515903019808,1
"529",6,29,3,2,-0.707912811550149,-1.15655454340486,0.706786742801638,1
"530",6,30,1,3,-0.623463255515476,-0.707912811550149,0.541309013397416,1
"531",6,31,2,3,-1.15655454340486,-0.707912811550149,0.293213257198362,1
"532",6,32,3,5,-0.707912811550149,0.347183165344945,0.112132348115853,2
"533",6,33,6,3,-3.78512481474655,-0.707912811550149,0.00238848824007419,2
"534",6,34,3,1,-0.707912811550149,-0.623463255515476,0.458690986602584,2
"535",6,35,4,1,1.11525933107178,-0.623463255515476,0.968009383976037,1
"536",6,36,3,2,-0.707912811550149,-1.15655454340486,0.706786742801638,1
"537",6,37,4,5,1.11525933107178,0.347183165344945,0.818507746169086,2
"538",6,38,1,6,-0.623463255515476,-3.78512481474655,0.997975319947124,1
"539",6,39,1,6,-0.623463255515476,-3.78512481474655,0.997975319947124,1
"540",6,40,1,4,-0.623463255515476,1.11525933107178,0.0319906160239634,2
"541",6,41,2,6,-1.15655454340486,-3.78512481474655,0.994261911391167,1
"542",6,42,4,5,1.11525933107178,0.347183165344945,0.818507746169086,1
"543",6,43,1,6,-0.623463255515476,-3.78512481474655,0.997975319947124,1
"544",6,44,2,5,-1.15655454340486,0.347183165344945,0.049785137373724,2
"545",6,45,3,1,-0.707912811550149,-0.623463255515476,0.458690986602584,1
"546",6,46,2,1,-1.15655454340486,-0.623463255515476,0.260101254161102,1
"547",6,47,1,3,-0.623463255515476,-0.707912811550149,0.541309013397416,2
"548",6,48,4,3,1.11525933107178,-0.707912811550149,0.972758988122666,1
"549",6,49,1,5,-0.623463255515476,0.347183165344945,0.129709550227014,2
"550",6,50,3,2,-0.707912811550149,-1.15655454340486,0.706786742801638,2
"551",6,51,4,1,1.11525933107178,-0.623463255515476,0.968009383976037,1
"552",6,52,1,4,-0.623463255515476,1.11525933107178,0.0319906160239634,2
"553",6,53,3,4,-0.707912811550149,1.11525933107178,0.0272410118773337,2
"554",6,54,3,4,-0.707912811550149,1.11525933107178,0.0272410118773337,2
"555",6,55,3,5,-0.707912811550149,0.347183165344945,0.112132348115853,2
"556",6,56,6,4,-3.78512481474655,1.11525933107178,6.70425495205757e-05,2
"557",6,57,3,5,-0.707912811550149,0.347183165344945,0.112132348115853,2
"558",6,58,4,6,1.11525933107178,-3.78512481474655,0.999932957450479,1
"559",6,59,6,3,-3.78512481474655,-0.707912811550149,0.00238848824007419,2
"560",6,60,3,6,-0.707912811550149,-3.78512481474655,0.997611511759926,1
"561",6,61,3,6,-0.707912811550149,-3.78512481474655,0.997611511759926,1
"562",6,62,1,3,-0.623463255515476,-0.707912811550149,0.541309013397416,1
"563",6,63,1,3,-0.623463255515476,-0.707912811550149,0.541309013397416,2
"564",6,64,2,6,-1.15655454340486,-3.78512481474655,0.994261911391167,1
"565",6,65,2,6,-1.15655454340486,-3.78512481474655,0.994261911391167,1
"566",6,66,3,1,-0.707912811550149,-0.623463255515476,0.458690986602584,1
"567",6,67,3,5,-0.707912811550149,0.347183165344945,0.112132348115853,2
"568",6,68,6,4,-3.78512481474655,1.11525933107178,6.70425495205757e-05,2
"569",6,69,6,1,-3.78512481474655,-0.623463255515476,0.00202468005287631,2
"570",6,70,1,4,-0.623463255515476,1.11525933107178,0.0319906160239634,2
"571",6,71,3,5,-0.707912811550149,0.347183165344945,0.112132348115853,2
"572",6,72,6,1,-3.78512481474655,-0.623463255515476,0.00202468005287631,2
"573",6,73,2,4,-1.15655454340486,1.11525933107178,0.0114840969801917,2
"574",6,74,3,2,-0.707912811550149,-1.15655454340486,0.706786742801638,2
"575",6,75,1,2,-0.623463255515476,-1.15655454340486,0.739898745838898,2
"576",6,76,5,2,0.347183165344945,-1.15655454340486,0.950214862626276,1
"577",6,77,3,5,-0.707912811550149,0.347183165344945,0.112132348115853,2
"578",6,78,3,1,-0.707912811550149,-0.623463255515476,0.458690986602584,2
"579",6,79,6,5,-3.78512481474655,0.347183165344945,0.000302282523494164,2
"580",6,80,4,3,1.11525933107178,-0.707912811550149,0.972758988122666,1
"581",6,81,4,5,1.11525933107178,0.347183165344945,0.818507746169086,1
"582",6,82,1,6,-0.623463255515476,-3.78512481474655,0.997975319947124,1
"583",6,83,6,3,-3.78512481474655,-0.707912811550149,0.00238848824007419,2
"584",6,84,3,6,-0.707912811550149,-3.78512481474655,0.997611511759926,1
"585",6,85,3,6,-0.707912811550149,-3.78512481474655,0.997611511759926,1
"586",6,86,5,6,0.347183165344945,-3.78512481474655,0.999697717476506,1
"587",6,87,5,4,0.347183165344945,1.11525933107178,0.181492253830914,2
"588",6,88,4,5,1.11525933107178,0.347183165344945,0.818507746169086,1
"589",6,89,3,1,-0.707912811550149,-0.623463255515476,0.458690986602584,1
"590",6,90,5,1,0.347183165344945,-0.623463255515476,0.870290449772986,1
"591",6,91,6,3,-3.78512481474655,-0.707912811550149,0.00238848824007419,2
"592",6,92,5,1,0.347183165344945,-0.623463255515476,0.870290449772986,1
"593",6,93,1,4,-0.623463255515476,1.11525933107178,0.0319906160239634,2
"594",6,94,2,3,-1.15655454340486,-0.707912811550149,0.293213257198362,2
"595",6,95,1,2,-0.623463255515476,-1.15655454340486,0.739898745838898,1
"596",6,96,3,5,-0.707912811550149,0.347183165344945,0.112132348115853,2
"597",6,97,4,3,1.11525933107178,-0.707912811550149,0.972758988122666,1
"598",6,98,2,3,-1.15655454340486,-0.707912811550149,0.293213257198362,1
"599",6,99,1,5,-0.623463255515476,0.347183165344945,0.129709550227014,1
"600",6,100,1,2,-0.623463255515476,-1.15655454340486,0.739898745838898,1
"601",7,1,4,1,0.299527139177395,-1.14774905726865,0.852326294229245,1
"602",7,2,3,5,-1.69502838443545,-1.4415487779341,0.423842633806687,1
"603",7,3,1,5,-1.14774905726865,-1.4415487779341,0.588036668143847,2
"604",7,4,3,6,-1.69502838443545,-0.306725495520965,0.15689233542992,1
"605",7,5,1,5,-1.14774905726865,-1.4415487779341,0.588036668143847,1
"606",7,6,5,1,-1.4415487779341,-1.14774905726865,0.411963331856153,2
"607",7,7,1,2,-1.14774905726865,1.08543641163173,0.0626865835594519,2
"608",7,8,4,6,0.299527139177395,-0.306725495520965,0.675748819028481,2
"609",7,9,3,6,-1.69502838443545,-0.306725495520965,0.15689233542992,2
"610",7,10,5,3,-1.4415487779341,-1.69502838443545,0.576157366193313,2
"611",7,11,5,2,-1.4415487779341,1.08543641163173,0.0447566866350106,2
"612",7,12,5,2,-1.4415487779341,1.08543641163173,0.0447566866350106,2
"613",7,13,6,2,-0.306725495520965,1.08543641163173,0.15627504929175,2
"614",7,14,6,1,-0.306725495520965,-1.14774905726865,0.734711756226629,1
"615",7,15,5,6,-1.4415487779341,-0.306725495520965,0.201891155234893,1
"616",7,16,6,2,-0.306725495520965,1.08543641163173,0.15627504929175,2
"617",7,17,1,5,-1.14774905726865,-1.4415487779341,0.588036668143847,1
"618",7,18,3,1,-1.69502838443545,-1.14774905726865,0.340094403979298,2
"619",7,19,1,4,-1.14774905726865,0.299527139177395,0.147673705770755,2
"620",7,20,5,6,-1.4415487779341,-0.306725495520965,0.201891155234893,2
"621",7,21,4,3,0.299527139177395,-1.69502838443545,0.91802707166128,1
"622",7,22,6,2,-0.306725495520965,1.08543641163173,0.15627504929175,2
"623",7,23,3,6,-1.69502838443545,-0.306725495520965,0.15689233542992,2
"624",7,24,3,5,-1.69502838443545,-1.4415487779341,0.423842633806687,1
"625",7,25,6,3,-0.306725495520965,-1.69502838443545,0.84310766457008,1
"626",7,26,3,4,-1.69502838443545,0.299527139177395,0.0819729283387201,2
"627",7,27,5,4,-1.4415487779341,0.299527139177395,0.108242588192797,2
"628",7,28,3,1,-1.69502838443545,-1.14774905726865,0.340094403979298,1
"629",7,29,2,5,1.08543641163173,-1.4415487779341,0.955243313364989,1
"630",7,30,1,5,-1.14774905726865,-1.4415487779341,0.588036668143847,1
"631",7,31,5,3,-1.4415487779341,-1.69502838443545,0.576157366193313,2
"632",7,32,4,2,0.299527139177395,1.08543641163173,0.278501673521292,2
"633",7,33,6,4,-0.306725495520965,0.299527139177395,0.324251180971519,1
"634",7,34,3,5,-1.69502838443545,-1.4415487779341,0.423842633806687,2
"635",7,35,3,2,-1.69502838443545,1.08543641163173,0.0333189011243064,2
"636",7,36,2,6,1.08543641163173,-0.306725495520965,0.84372495070825,1
"637",7,37,2,3,1.08543641163173,-1.69502838443545,0.966681098875694,1
"638",7,38,3,2,-1.69502838443545,1.08543641163173,0.0333189011243064,2
"639",7,39,1,2,-1.14774905726865,1.08543641163173,0.0626865835594519,2
"640",7,40,1,5,-1.14774905726865,-1.4415487779341,0.588036668143847,1
"641",7,41,6,1,-0.306725495520965,-1.14774905726865,0.734711756226629,2
"642",7,42,5,1,-1.4415487779341,-1.14774905726865,0.411963331856153,1
"643",7,43,4,2,0.299527139177395,1.08543641163173,0.278501673521292,2
"644",7,44,2,6,1.08543641163173,-0.306725495520965,0.84372495070825,1
"645",7,45,5,4,-1.4415487779341,0.299527139177395,0.108242588192797,2
"646",7,46,1,3,-1.14774905726865,-1.69502838443545,0.659905596020703,1
"647",7,47,1,6,-1.14774905726865,-0.306725495520965,0.265288243773371,1
"648",7,48,1,4,-1.14774905726865,0.299527139177395,0.147673705770755,2
"649",7,49,5,3,-1.4415487779341,-1.69502838443545,0.576157366193313,1
"650",7,50,2,1,1.08543641163173,-1.14774905726865,0.937313416440548,1
"651",7,51,3,5,-1.69502838443545,-1.4415487779341,0.423842633806687,2
"652",7,52,3,1,-1.69502838443545,-1.14774905726865,0.340094403979298,2
"653",7,53,2,1,1.08543641163173,-1.14774905726865,0.937313416440548,1
"654",7,54,1,6,-1.14774905726865,-0.306725495520965,0.265288243773371,2
"655",7,55,1,2,-1.14774905726865,1.08543641163173,0.0626865835594519,2
"656",7,56,4,2,0.299527139177395,1.08543641163173,0.278501673521292,2
"657",7,57,6,3,-0.306725495520965,-1.69502838443545,0.84310766457008,2
"658",7,58,3,1,-1.69502838443545,-1.14774905726865,0.340094403979298,2
"659",7,59,5,6,-1.4415487779341,-0.306725495520965,0.201891155234893,2
"660",7,60,2,5,1.08543641163173,-1.4415487779341,0.955243313364989,1
"661",7,61,1,6,-1.14774905726865,-0.306725495520965,0.265288243773371,2
"662",7,62,4,2,0.299527139177395,1.08543641163173,0.278501673521292,2
"663",7,63,4,2,0.299527139177395,1.08543641163173,0.278501673521292,1
"664",7,64,3,6,-1.69502838443545,-0.306725495520965,0.15689233542992,2
"665",7,65,4,6,0.299527139177395,-0.306725495520965,0.675748819028481,2
"666",7,66,1,4,-1.14774905726865,0.299527139177395,0.147673705770755,2
"667",7,67,2,3,1.08543641163173,-1.69502838443545,0.966681098875694,1
"668",7,68,6,3,-0.306725495520965,-1.69502838443545,0.84310766457008,2
"669",7,69,4,2,0.299527139177395,1.08543641163173,0.278501673521292,2
"670",7,70,5,3,-1.4415487779341,-1.69502838443545,0.576157366193313,2
"671",7,71,1,6,-1.14774905726865,-0.306725495520965,0.265288243773371,1
"672",7,72,4,2,0.299527139177395,1.08543641163173,0.278501673521292,2
"673",7,73,4,3,0.299527139177395,-1.69502838443545,0.91802707166128,1
"674",7,74,2,5,1.08543641163173,-1.4415487779341,0.955243313364989,1
"675",7,75,2,3,1.08543641163173,-1.69502838443545,0.966681098875694,1
"676",7,76,6,2,-0.306725495520965,1.08543641163173,0.15627504929175,2
"677",7,77,2,6,1.08543641163173,-0.306725495520965,0.84372495070825,1
"678",7,78,4,3,0.299527139177395,-1.69502838443545,0.91802707166128,1
"679",7,79,3,4,-1.69502838443545,0.299527139177395,0.0819729283387201,2
"680",7,80,2,6,1.08543641163173,-0.306725495520965,0.84372495070825,1
"681",7,81,2,3,1.08543641163173,-1.69502838443545,0.966681098875694,1
"682",7,82,2,3,1.08543641163173,-1.69502838443545,0.966681098875694,1
"683",7,83,5,3,-1.4415487779341,-1.69502838443545,0.576157366193313,1
"684",7,84,2,1,1.08543641163173,-1.14774905726865,0.937313416440548,1
"685",7,85,4,3,0.299527139177395,-1.69502838443545,0.91802707166128,1
"686",7,86,2,3,1.08543641163173,-1.69502838443545,0.966681098875694,1
"687",7,87,1,3,-1.14774905726865,-1.69502838443545,0.659905596020703,2
"688",7,88,4,2,0.299527139177395,1.08543641163173,0.278501673521292,2
"689",7,89,3,4,-1.69502838443545,0.299527139177395,0.0819729283387201,2
"690",7,90,2,1,1.08543641163173,-1.14774905726865,0.937313416440548,1
"691",7,91,2,3,1.08543641163173,-1.69502838443545,0.966681098875694,1
"692",7,92,5,3,-1.4415487779341,-1.69502838443545,0.576157366193313,1
"693",7,93,4,1,0.299527139177395,-1.14774905726865,0.852326294229245,1
"694",7,94,4,1,0.299527139177395,-1.14774905726865,0.852326294229245,1
"695",7,95,5,3,-1.4415487779341,-1.69502838443545,0.576157366193313,2
"696",7,96,6,3,-0.306725495520965,-1.69502838443545,0.84310766457008,2
"697",7,97,6,4,-0.306725495520965,0.299527139177395,0.324251180971519,2
"698",7,98,2,4,1.08543641163173,0.299527139177395,0.721498326478708,1
"699",7,99,3,4,-1.69502838443545,0.299527139177395,0.0819729283387201,2
"700",7,100,5,1,-1.4415487779341,-1.14774905726865,0.411963331856153,2
"701",8,1,6,4,0.409363870588239,-1.57224389857214,0.890168978729869,1
"702",8,2,5,2,0.814717013094588,1.0617634519521,0.435150497268327,2
"703",8,3,2,5,1.0617634519521,0.814717013094588,0.564849502731673,2
"704",8,4,4,5,-1.57224389857214,0.814717013094588,0.0744335731501869,2
"705",8,5,5,2,0.814717013094588,1.0617634519521,0.435150497268327,2
"706",8,6,6,2,0.409363870588239,1.0617634519521,0.334278284781448,2
"707",8,7,4,6,-1.57224389857214,0.409363870588239,0.109831021270131,2
"708",8,8,5,4,0.814717013094588,-1.57224389857214,0.925566426849813,1
"709",8,9,2,1,1.0617634519521,-0.17328106307684,0.78653070473821,1
"710",8,10,4,6,-1.57224389857214,0.409363870588239,0.109831021270131,2
"711",8,11,2,5,1.0617634519521,0.814717013094588,0.564849502731673,1
"712",8,12,2,4,1.0617634519521,-1.57224389857214,0.941660543176633,1
"713",8,13,2,3,1.0617634519521,0.533538072655615,0.635937980910966,1
"714",8,14,1,3,-0.17328106307684,0.533538072655615,0.321614530741696,2
"715",8,15,4,5,-1.57224389857214,0.814717013094588,0.0744335731501869,2
"716",8,16,3,4,0.533538072655615,-1.57224389857214,0.902347935904749,1
"717",8,17,6,3,0.409363870588239,0.533538072655615,0.467266610848789,1
"718",8,18,5,1,0.814717013094588,-0.17328106307684,0.739480725438629,1
"719",8,19,2,5,1.0617634519521,0.814717013094588,0.564849502731673,2
"720",8,20,6,5,0.409363870588239,0.814717013094588,0.394596723775882,2
"721",8,21,2,6,1.0617634519521,0.409363870588239,0.665721715218552,1
"722",8,22,2,3,1.0617634519521,0.533538072655615,0.635937980910966,1
"723",8,23,5,4,0.814717013094588,-1.57224389857214,0.925566426849813,1
"724",8,24,1,4,-0.17328106307684,-1.57224389857214,0.814153437054237,1
"725",8,25,5,1,0.814717013094588,-0.17328106307684,0.739480725438629,2
"726",8,26,2,4,1.0617634519521,-1.57224389857214,0.941660543176633,1
"727",8,27,3,5,0.533538072655615,0.814717013094588,0.426313173873473,1
"728",8,28,5,2,0.814717013094588,1.0617634519521,0.435150497268327,2
"729",8,29,4,6,-1.57224389857214,0.409363870588239,0.109831021270131,2
"730",8,30,5,3,0.814717013094588,0.533538072655615,0.573686826126527,1
"731",8,31,1,4,-0.17328106307684,-1.57224389857214,0.814153437054237,1
"732",8,32,2,3,1.0617634519521,0.533538072655615,0.635937980910966,1
"733",8,33,2,1,1.0617634519521,-0.17328106307684,0.78653070473821,1
"734",8,34,3,5,0.533538072655615,0.814717013094588,0.426313173873473,2
"735",8,35,1,3,-0.17328106307684,0.533538072655615,0.321614530741696,1
"736",8,36,6,2,0.409363870588239,1.0617634519521,0.334278284781448,1
"737",8,37,2,5,1.0617634519521,0.814717013094588,0.564849502731673,1
"738",8,38,3,1,0.533538072655615,-0.17328106307684,0.678385469258304,1
"739",8,39,5,1,0.814717013094588,-0.17328106307684,0.739480725438629,1
"740",8,40,6,3,0.409363870588239,0.533538072655615,0.467266610848789,2
"741",8,41,6,2,0.409363870588239,1.0617634519521,0.334278284781448,2
"742",8,42,1,6,-0.17328106307684,0.409363870588239,0.350864617874245,1
"743",8,43,5,6,0.814717013094588,0.409363870588239,0.605403276224118,2
"744",8,44,6,1,0.409363870588239,-0.17328106307684,0.649135382125755,1
"745",8,45,5,1,0.814717013094588,-0.17328106307684,0.739480725438629,1
"746",8,46,5,3,0.814717013094588,0.533538072655615,0.573686826126527,2
"747",8,47,6,2,0.409363870588239,1.0617634519521,0.334278284781448,2
"748",8,48,1,4,-0.17328106307684,-1.57224389857214,0.814153437054237,1
"749",8,49,3,4,0.533538072655615,-1.57224389857214,0.902347935904749,1
"750",8,50,5,3,0.814717013094588,0.533538072655615,0.573686826126527,1
"751",8,51,5,6,0.814717013094588,0.409363870588239,0.605403276224118,1
"752",8,52,3,2,0.533538072655615,1.0617634519521,0.364062019089034,1
"753",8,53,5,6,0.814717013094588,0.409363870588239,0.605403276224118,1
"754",8,54,5,4,0.814717013094588,-1.57224389857214,0.925566426849813,1
"755",8,55,1,3,-0.17328106307684,0.533538072655615,0.321614530741696,1
"756",8,56,5,1,0.814717013094588,-0.17328106307684,0.739480725438629,1
"757",8,57,3,2,0.533538072655615,1.0617634519521,0.364062019089034,1
"758",8,58,5,2,0.814717013094588,1.0617634519521,0.435150497268327,2
"759",8,59,1,2,-0.17328106307684,1.0617634519521,0.21346929526179,1
"760",8,60,1,3,-0.17328106307684,0.533538072655615,0.321614530741696,1
"761",8,61,3,4,0.533538072655615,-1.57224389857214,0.902347935904749,1
"762",8,62,2,1,1.0617634519521,-0.17328106307684,0.78653070473821,1
"763",8,63,1,6,-0.17328106307684,0.409363870588239,0.350864617874245,2
"764",8,64,2,6,1.0617634519521,0.409363870588239,0.665721715218552,1
"765",8,65,4,6,-1.57224389857214,0.409363870588239,0.109831021270131,2
"766",8,66,1,3,-0.17328106307684,0.533538072655615,0.321614530741696,1
"767",8,67,2,5,1.0617634519521,0.814717013094588,0.564849502731673,2
"768",8,68,2,1,1.0617634519521,-0.17328106307684,0.78653070473821,1
"769",8,69,1,4,-0.17328106307684,-1.57224389857214,0.814153437054237,1
"770",8,70,4,5,-1.57224389857214,0.814717013094588,0.0744335731501869,2
"771",8,71,3,5,0.533538072655615,0.814717013094588,0.426313173873473,1
"772",8,72,6,4,0.409363870588239,-1.57224389857214,0.890168978729869,1
"773",8,73,3,6,0.533538072655615,0.409363870588239,0.532733389151211,1
"774",8,74,4,6,-1.57224389857214,0.409363870588239,0.109831021270131,2
"775",8,75,3,2,0.533538072655615,1.0617634519521,0.364062019089034,2
"776",8,76,6,4,0.409363870588239,-1.57224389857214,0.890168978729869,2
"777",8,77,4,3,-1.57224389857214,0.533538072655615,0.097652064095251,2
"778",8,78,2,6,1.0617634519521,0.409363870588239,0.665721715218552,2
"779",8,79,4,3,-1.57224389857214,0.533538072655615,0.097652064095251,2
"780",8,80,6,1,0.409363870588239,-0.17328106307684,0.649135382125755,1
"781",8,81,3,6,0.533538072655615,0.409363870588239,0.532733389151211,1
"782",8,82,1,4,-0.17328106307684,-1.57224389857214,0.814153437054237,2
"783",8,83,5,1,0.814717013094588,-0.17328106307684,0.739480725438629,2
"784",8,84,1,5,-0.17328106307684,0.814717013094588,0.260519274561371,2
"785",8,85,5,3,0.814717013094588,0.533538072655615,0.573686826126527,1
"786",8,86,5,2,0.814717013094588,1.0617634519521,0.435150497268327,1
"787",8,87,2,3,1.0617634519521,0.533538072655615,0.635937980910966,1
"788",8,88,3,4,0.533538072655615,-1.57224389857214,0.902347935904749,1
"789",8,89,2,1,1.0617634519521,-0.17328106307684,0.78653070473821,1
"790",8,90,5,3,0.814717013094588,0.533538072655615,0.573686826126527,2
"791",8,91,4,1,-1.57224389857214,-0.17328106307684,0.185846562945763,2
"792",8,92,5,4,0.814717013094588,-1.57224389857214,0.925566426849813,1
"793",8,93,1,5,-0.17328106307684,0.814717013094588,0.260519274561371,1
"794",8,94,2,1,1.0617634519521,-0.17328106307684,0.78653070473821,2
"795",8,95,3,6,0.533538072655615,0.409363870588239,0.532733389151211,1
"796",8,96,6,2,0.409363870588239,1.0617634519521,0.334278284781448,2
"797",8,97,2,5,1.0617634519521,0.814717013094588,0.564849502731673,2
"798",8,98,6,5,0.409363870588239,0.814717013094588,0.394596723775882,1
"799",8,99,2,1,1.0617634519521,-0.17328106307684,0.78653070473821,1
"800",8,100,5,1,0.814717013094588,-0.17328106307684,0.739480725438629,1
"801",9,1,1,3,-0.352100620028427,0.488998153078958,0.252558363950732,2
"802",9,2,1,4,-0.352100620028427,1.07021517532206,0.137669662313487,2
"803",9,3,1,4,-0.352100620028427,1.07021517532206,0.137669662313487,2
"804",9,4,4,1,1.07021517532206,-0.352100620028427,0.862330337686513,1
"805",9,5,5,1,-0.050685928070212,-0.352100620028427,0.595999491380178,1
"806",9,6,6,1,1.20021640595752,-0.352100620028427,0.881057467006975,1
"807",9,7,1,6,-0.352100620028427,1.20021640595752,0.118942532993025,2
"808",9,8,6,5,1.20021640595752,-0.050685928070212,0.833918731551035,1
"809",9,9,3,4,0.488998153078958,1.07021517532206,0.32087196386166,2
"810",9,10,1,6,-0.352100620028427,1.20021640595752,0.118942532993025,2
"811",9,11,2,3,-1.45261213455212,0.488998153078958,0.0755315096126504,2
"812",9,12,3,2,0.488998153078958,-1.45261213455212,0.92446849038735,1
"813",9,13,3,6,0.488998153078958,1.20021640595752,0.285473978271036,2
"814",9,14,2,5,-1.45261213455212,-0.050685928070212,0.140822068311948,2
"815",9,15,1,4,-0.352100620028427,1.07021517532206,0.137669662313487,2
"816",9,16,4,3,1.07021517532206,0.488998153078958,0.67912803613834,2
"817",9,17,4,5,1.07021517532206,-0.050685928070212,0.809375537094818,1
"818",9,18,4,2,1.07021517532206,-1.45261213455212,0.962832207025938,1
"819",9,19,2,1,-1.45261213455212,-0.352100620028427,0.194715643775836,2
"820",9,20,2,3,-1.45261213455212,0.488998153078958,0.0755315096126504,2
"821",9,21,5,1,-0.050685928070212,-0.352100620028427,0.595999491380178,1
"822",9,22,4,3,1.07021517532206,0.488998153078958,0.67912803613834,1
"823",9,23,2,3,-1.45261213455212,0.488998153078958,0.0755315096126504,2
"824",9,24,2,3,-1.45261213455212,0.488998153078958,0.0755315096126504,2
"825",9,25,4,3,1.07021517532206,0.488998153078958,0.67912803613834,1
"826",9,26,2,3,-1.45261213455212,0.488998153078958,0.0755315096126504,2
"827",9,27,2,4,-1.45261213455212,1.07021517532206,0.037167792974062,2
"828",9,28,6,1,1.20021640595752,-0.352100620028427,0.881057467006975,1
"829",9,29,2,4,-1.45261213455212,1.07021517532206,0.037167792974062,2
"830",9,30,5,1,-0.050685928070212,-0.352100620028427,0.595999491380178,1
"831",9,31,6,4,1.20021640595752,1.07021517532206,0.541827277292329,2
"832",9,32,4,5,1.07021517532206,-0.050685928070212,0.809375537094818,1
"833",9,33,3,5,0.488998153078958,-0.050685928070212,0.667342545511273,1
"834",9,34,4,6,1.07021517532206,1.20021640595752,0.458172722707671,1
"835",9,35,1,3,-0.352100620028427,0.488998153078958,0.252558363950732,2
"836",9,36,2,1,-1.45261213455212,-0.352100620028427,0.194715643775836,2
"837",9,37,3,2,0.488998153078958,-1.45261213455212,0.92446849038735,1
"838",9,38,1,2,-0.352100620028427,-1.45261213455212,0.805284356224164,1
"839",9,39,1,6,-0.352100620028427,1.20021640595752,0.118942532993025,2
"840",9,40,2,1,-1.45261213455212,-0.352100620028427,0.194715643775836,2
"841",9,41,3,6,0.488998153078958,1.20021640595752,0.285473978271036,2
"842",9,42,6,1,1.20021640595752,-0.352100620028427,0.881057467006975,1
"843",9,43,4,3,1.07021517532206,0.488998153078958,0.67912803613834,1
"844",9,44,4,2,1.07021517532206,-1.45261213455212,0.962832207025938,1
"845",9,45,5,1,-0.050685928070212,-0.352100620028427,0.595999491380178,1
"846",9,46,1,5,-0.352100620028427,-0.050685928070212,0.404000508619822,2
"847",9,47,5,2,-0.050685928070212,-1.45261213455212,0.859177931688052,1
"848",9,48,5,4,-0.050685928070212,1.07021517532206,0.190624462905182,2
"849",9,49,2,4,-1.45261213455212,1.07021517532206,0.037167792974062,2
"850",9,50,4,5,1.07021517532206,-0.050685928070212,0.809375537094818,1
"851",9,51,4,2,1.07021517532206,-1.45261213455212,0.962832207025938,1
"852",9,52,1,2,-0.352100620028427,-1.45261213455212,0.805284356224164,2
"853",9,53,5,3,-0.050685928070212,0.488998153078958,0.332657454488727,1
"854",9,54,6,3,1.20021640595752,0.488998153078958,0.714526021728964,2
"855",9,55,2,3,-1.45261213455212,0.488998153078958,0.0755315096126504,2
"856",9,56,5,3,-0.050685928070212,0.488998153078958,0.332657454488727,2
"857",9,57,1,2,-0.352100620028427,-1.45261213455212,0.805284356224164,1
"858",9,58,3,2,0.488998153078958,-1.45261213455212,0.92446849038735,1
"859",9,59,6,4,1.20021640595752,1.07021517532206,0.541827277292329,1
"860",9,60,2,1,-1.45261213455212,-0.352100620028427,0.194715643775836,2
"861",9,61,4,3,1.07021517532206,0.488998153078958,0.67912803613834,1
"862",9,62,5,4,-0.050685928070212,1.07021517532206,0.190624462905182,1
"863",9,63,2,3,-1.45261213455212,0.488998153078958,0.0755315096126504,2
"864",9,64,3,4,0.488998153078958,1.07021517532206,0.32087196386166,2
"865",9,65,5,2,-0.050685928070212,-1.45261213455212,0.859177931688052,1
"866",9,66,3,5,0.488998153078958,-0.050685928070212,0.667342545511273,1
"867",9,67,4,6,1.07021517532206,1.20021640595752,0.458172722707671,1
"868",9,68,3,4,0.488998153078958,1.07021517532206,0.32087196386166,2
"869",9,69,5,1,-0.050685928070212,-0.352100620028427,0.595999491380178,2
"870",9,70,1,5,-0.352100620028427,-0.050685928070212,0.404000508619822,2
"871",9,71,1,2,-0.352100620028427,-1.45261213455212,0.805284356224164,1
"872",9,72,1,4,-0.352100620028427,1.07021517532206,0.137669662313487,2
"873",9,73,2,3,-1.45261213455212,0.488998153078958,0.0755315096126504,1
"874",9,74,3,6,0.488998153078958,1.20021640595752,0.285473978271036,2
"875",9,75,3,4,0.488998153078958,1.07021517532206,0.32087196386166,1
"876",9,76,4,1,1.07021517532206,-0.352100620028427,0.862330337686513,1
"877",9,77,2,3,-1.45261213455212,0.488998153078958,0.0755315096126504,2
"878",9,78,3,6,0.488998153078958,1.20021640595752,0.285473978271036,2
"879",9,79,3,1,0.488998153078958,-0.352100620028427,0.747441636049268,1
"880",9,80,1,4,-0.352100620028427,1.07021517532206,0.137669662313487,2
"881",9,81,3,1,0.488998153078958,-0.352100620028427,0.747441636049268,2
"882",9,82,6,4,1.20021640595752,1.07021517532206,0.541827277292329,1
"883",9,83,4,1,1.07021517532206,-0.352100620028427,0.862330337686513,1
"884",9,84,2,4,-1.45261213455212,1.07021517532206,0.037167792974062,2
"885",9,85,3,6,0.488998153078958,1.20021640595752,0.285473978271036,2
"886",9,86,1,3,-0.352100620028427,0.488998153078958,0.252558363950732,2
"887",9,87,4,3,1.07021517532206,0.488998153078958,0.67912803613834,1
"888",9,88,4,3,1.07021517532206,0.488998153078958,0.67912803613834,2
"889",9,89,3,1,0.488998153078958,-0.352100620028427,0.747441636049268,2
"890",9,90,1,4,-0.352100620028427,1.07021517532206,0.137669662313487,1
"891",9,91,4,1,1.07021517532206,-0.352100620028427,0.862330337686513,1
"892",9,92,2,3,-1.45261213455212,0.488998153078958,0.0755315096126504,2
"893",9,93,4,5,1.07021517532206,-0.050685928070212,0.809375537094818,1
"894",9,94,1,3,-0.352100620028427,0.488998153078958,0.252558363950732,2
"895",9,95,4,5,1.07021517532206,-0.050685928070212,0.809375537094818,2
"896",9,96,6,5,1.20021640595752,-0.050685928070212,0.833918731551035,1
"897",9,97,3,4,0.488998153078958,1.07021517532206,0.32087196386166,2
"898",9,98,6,3,1.20021640595752,0.488998153078958,0.714526021728964,1
"899",9,99,5,2,-0.050685928070212,-1.45261213455212,0.859177931688052,1
"900",9,100,3,2,0.488998153078958,-1.45261213455212,0.92446849038735,1
"901",10,1,3,1,1.45665301488091,-0.969232532843519,0.982357558519784,1
"902",10,2,5,3,-1.16597086828096,1.45665301488091,0.0127973183426718,2
"903",10,3,3,1,1.45665301488091,-0.969232532843519,0.982357558519784,1
"904",10,4,1,2,-0.969232532843519,0.105396887130812,0.1442239694685,2
"905",10,5,5,1,-1.16597086828096,-0.969232532843519,0.4192161941327,1
"906",10,6,1,4,-0.969232532843519,-1.44991848347569,0.689222689539067,2
"907",10,7,1,3,-0.969232532843519,1.45665301488091,0.0176424414802163,2
"908",10,8,2,6,0.105396887130812,-1.02718902306129,0.867228639786473,1
"909",10,9,1,3,-0.969232532843519,1.45665301488091,0.0176424414802163,2
"910",10,10,6,3,-1.02718902306129,1.45665301488091,0.0160529294841317,2
"911",10,11,4,6,-1.44991848347569,-1.02718902306129,0.331711362614586,1
"912",10,12,1,2,-0.969232532843519,0.105396887130812,0.1442239694685,2
"913",10,13,2,5,0.105396887130812,-1.16597086828096,0.891546209185104,1
"914",10,14,5,1,-1.16597086828096,-0.969232532843519,0.4192161941327,1
"915",10,15,2,1,0.105396887130812,-0.969232532843519,0.8557760305315,1
"916",10,16,2,3,0.105396887130812,1.45665301488091,0.0963019564478567,2
"917",10,17,3,2,1.45665301488091,0.105396887130812,0.903698043552143,2
"918",10,18,5,1,-1.16597086828096,-0.969232532843519,0.4192161941327,1
"919",10,19,3,5,1.45665301488091,-1.16597086828096,0.987202681657328,1
"920",10,20,6,1,-1.02718902306129,-0.969232532843519,0.47601022330736,2
"921",10,21,6,2,-1.02718902306129,0.105396887130812,0.132771360213527,1
"922",10,22,2,4,0.105396887130812,-1.44991848347569,0.92937506211093,1
"923",10,23,1,5,-0.969232532843519,-1.16597086828096,0.5807838058673,2
"924",10,24,6,1,-1.02718902306129,-0.969232532843519,0.47601022330736,2
"925",10,25,2,6,0.105396887130812,-1.02718902306129,0.867228639786473,1
"926",10,26,2,1,0.105396887130812,-0.969232532843519,0.8557760305315,1
"927",10,27,3,4,1.45665301488091,-1.44991848347569,0.991967031378304,1
"928",10,28,2,3,0.105396887130812,1.45665301488091,0.0963019564478567,2
"929",10,29,2,4,0.105396887130812,-1.44991848347569,0.92937506211093,1
"930",10,30,4,2,-1.44991848347569,0.105396887130812,0.0706249378890705,2
"931",10,31,6,4,-1.02718902306129,-1.44991848347569,0.668288637385414,2
"932",10,32,1,4,-0.969232532843519,-1.44991848347569,0.689222689539067,2
"933",10,33,6,4,-1.02718902306129,-1.44991848347569,0.668288637385414,2
"934",10,34,2,3,0.105396887130812,1.45665301488091,0.0963019564478567,2
"935",10,35,5,4,-1.16597086828096,-1.44991848347569,0.615501145307057,1
"936",10,36,6,5,-1.02718902306129,-1.16597086828096,0.557237732750716,2
"937",10,37,2,5,0.105396887130812,-1.16597086828096,0.891546209185104,1
"938",10,38,6,2,-1.02718902306129,0.105396887130812,0.132771360213527,2
"939",10,39,2,6,0.105396887130812,-1.02718902306129,0.867228639786473,1
"940",10,40,1,6,-0.969232532843519,-1.02718902306129,0.52398977669264,2
"941",10,41,3,2,1.45665301488091,0.105396887130812,0.903698043552143,2
"942",10,42,6,3,-1.02718902306129,1.45665301488091,0.0160529294841317,2
"943",10,43,6,1,-1.02718902306129,-0.969232532843519,0.47601022330736,2
"944",10,44,3,6,1.45665301488091,-1.02718902306129,0.983947070515868,1
"945",10,45,6,1,-1.02718902306129,-0.969232532843519,0.47601022330736,1
"946",10,46,2,3,0.105396887130812,1.45665301488091,0.0963019564478567,2
"947",10,47,6,1,-1.02718902306129,-0.969232532843519,0.47601022330736,2
"948",10,48,4,5,-1.44991848347569,-1.16597086828096,0.384498854692943,2
"949",10,49,6,2,-1.02718902306129,0.105396887130812,0.132771360213527,2
"950",10,50,1,6,-0.969232532843519,-1.02718902306129,0.52398977669264,1
"951",10,51,1,5,-0.969232532843519,-1.16597086828096,0.5807838058673,1
"952",10,52,3,6,1.45665301488091,-1.02718902306129,0.983947070515868,1
"953",10,53,6,1,-1.02718902306129,-0.969232532843519,0.47601022330736,2
"954",10,54,3,6,1.45665301488091,-1.02718902306129,0.983947070515868,1
"955",10,55,2,5,0.105396887130812,-1.16597086828096,0.891546209185104,2
"956",10,56,6,1,-1.02718902306129,-0.969232532843519,0.47601022330736,2
"957",10,57,2,1,0.105396887130812,-0.969232532843519,0.8557760305315,1
"958",10,58,2,3,0.105396887130812,1.45665301488091,0.0963019564478567,2
"959",10,59,1,4,-0.969232532843519,-1.44991848347569,0.689222689539067,2
"960",10,60,5,1,-1.16597086828096,-0.969232532843519,0.4192161941327,1
"961",10,61,5,2,-1.16597086828096,0.105396887130812,0.108453790814896,2
"962",10,62,4,6,-1.44991848347569,-1.02718902306129,0.331711362614586,2
"963",10,63,6,5,-1.02718902306129,-1.16597086828096,0.557237732750716,1
"964",10,64,6,3,-1.02718902306129,1.45665301488091,0.0160529294841317,2
"965",10,65,6,1,-1.02718902306129,-0.969232532843519,0.47601022330736,1
"966",10,66,6,5,-1.02718902306129,-1.16597086828096,0.557237732750716,1
"967",10,67,6,2,-1.02718902306129,0.105396887130812,0.132771360213527,2
"968",10,68,6,5,-1.02718902306129,-1.16597086828096,0.557237732750716,2
"969",10,69,5,3,-1.16597086828096,1.45665301488091,0.0127973183426718,2
"970",10,70,5,4,-1.16597086828096,-1.44991848347569,0.615501145307057,1
"971",10,71,2,4,0.105396887130812,-1.44991848347569,0.92937506211093,1
"972",10,72,4,2,-1.44991848347569,0.105396887130812,0.0706249378890705,2
"973",10,73,4,3,-1.44991848347569,1.45665301488091,0.00803296862169596,2
"974",10,74,1,3,-0.969232532843519,1.45665301488091,0.0176424414802163,2
"975",10,75,1,4,-0.969232532843519,-1.44991848347569,0.689222689539067,2
"976",10,76,3,5,1.45665301488091,-1.16597086828096,0.987202681657328,1
"977",10,77,5,1,-1.16597086828096,-0.969232532843519,0.4192161941327,2
"978",10,78,2,6,0.105396887130812,-1.02718902306129,0.867228639786473,1
"979",10,79,1,4,-0.969232532843519,-1.44991848347569,0.689222689539067,1
"980",10,80,1,6,-0.969232532843519,-1.02718902306129,0.52398977669264,1
"981",10,81,6,2,-1.02718902306129,0.105396887130812,0.132771360213527,2
"982",10,82,6,3,-1.02718902306129,1.45665301488091,0.0160529294841317,2
"983",10,83,3,4,1.45665301488091,-1.44991848347569,0.991967031378304,1
"984",10,84,2,3,0.105396887130812,1.45665301488091,0.0963019564478567,2
"985",10,85,3,4,1.45665301488091,-1.44991848347569,0.991967031378304,1
"986",10,86,1,3,-0.969232532843519,1.45665301488091,0.0176424414802163,2
"987",10,87,2,4,0.105396887130812,-1.44991848347569,0.92937506211093,1
"988",10,88,1,6,-0.969232532843519,-1.02718902306129,0.52398977669264,2
"989",10,89,6,5,-1.02718902306129,-1.16597086828096,0.557237732750716,2
"990",10,90,6,1,-1.02718902306129,-0.969232532843519,0.47601022330736,1
"991",10,91,4,5,-1.44991848347569,-1.16597086828096,0.384498854692943,1
"992",10,92,3,6,1.45665301488091,-1.02718902306129,0.983947070515868,1
"993",10,93,6,1,-1.02718902306129,-0.969232532843519,0.47601022330736,1
"994",10,94,5,2,-1.16597086828096,0.105396887130812,0.108453790814896,2
"995",10,95,4,2,-1.44991848347569,0.105396887130812,0.0706249378890705,1
"996",10,96,5,2,-1.16597086828096,0.105396887130812,0.108453790814896,2
"997",10,97,3,5,1.45665301488091,-1.16597086828096,0.987202681657328,1
"998",10,98,5,1,-1.16597086828096,-0.969232532843519,0.4192161941327,1
"999",10,99,3,2,1.45665301488091,0.105396887130812,0.903698043552143,2
"1000",10,100,3,4,1.45665301488091,-1.44991848347569,0.991967031378304,1
